販売会社コード,計画年月,計画台数
S001,2024/04,70
S002,2024/04,76
S003,2024/04,82
S004,2024/04,88
S005,2024/04,94
S006,2024/04,100
S007,2024/04,106
S008,2024/04,112
S009,2024/04,118
S010,2024/04,124
S017,2024/04,130
S001,2024/05,74
S002,2024/05,80
S003,2024/05,86
S004,2024/05,92
S005,2024/05,98
S006,2024/05,104
S007,2024/05,110
S008,2024/05,116
S009,2024/05,122
S010,2024/05,128
S017,2024/05,134
S001,2024/06,78
S002,2024/06,84
S003,2024/06,90
S004,2024/06,96
S005,2024/06,102
S006,2024/06,108
S007,2024/06,114
S008,2024/06,120
S009,2024/06,126
S010,2024/06,132
S017,2024/06,138
S001,2024/07,82
S002,2024/07,88
S003,2024/07,94
S004,2024/07,100
S005,2024/07,106
S006,2024/07,112
S007,2024/07,118
S008,2024/07,124
S009,2024/07,130
S010,2024/07,136
S017,2024/07,142
S001,2024/08,86
S002,2024/08,92
S003,2024/08,98
S004,2024/08,104
S005,2024/08,110
S006,2024/08,116
S007,2024/08,122
S008,2024/08,128
S009,2024/08,134
S010,2024/08,140
S017,2024/08,146
S001,2024/09,90
S002,2024/09,96
S003,2024/09,102
S004,2024/09,108
S005,2024/09,114
S006,2024/09,120
S007,2024/09,126
S008,2024/09,132
S009,2024/09,138
S010,2024/09,144
S017,2024/09,150
S001,2024/10,70
S002,2024/10,76
S003,2024/10,82
S004,2024/10,88
S005,2024/10,94
S006,2024/10,100
S007,2024/10,106
S008,2024/10,112
S009,2024/10,118
S010,2024/10,124
S017,2024/10,130
S001,2024/11,74
S002,2024/11,80
S003,2024/11,86
S004,2024/11,92
S005,2024/11,98
S006,2024/11,104
S007,2024/11,110
S008,2024/11,116
S009,2024/11,122
S010,2024/11,128
S017,2024/11,134
S001,2024/12,78
S002,2024/12,84
S003,2024/12,90
S004,2024/12,96
S005,2024/12,102
S006,2024/12,108
S007,2024/12,114
S008,2024/12,120
S009,2024/12,126
S010,2024/12,132
S017,2024/12,138
S001,2025/01,82
S002,2025/01,88
S003,2025/01,94
S004,2025/01,100
S005,2025/01,106
S006,2025/01,112
S007,2025/01,118
S008,2025/01,124
S009,2025/01,130
S010,2025/01,136
S017,2025/01,142
S001,2025/02,86
S002,2025/02,92
S003,2025/02,98
S004,2025/02,104
S005,2025/02,110
S006,2025/02,116
S007,2025/02,122
S008,2025/02,128
S009,2025/02,134
S010,2025/02,140
S017,2025/02,146
S001,2025/03,90
S002,2025/03,96
S003,2025/03,102
S004,2025/03,108
S005,2025/03,114
S006,2025/03,120
S007,2025/03,126
S008,2025/03,132
S009,2025/03,138
S010,2025/03,144
S017,2025/03,150
S001,2025/04,70
S002,2025/04,76
S003,2025/04,82
S004,2025/04,88
S005,2025/04,94
S006,2025/04,100
S007,2025/04,106
S008,2025/04,112
S009,2025/04,118
S010,2025/04,124
S017,2025/04,130
S001,2025/05,74
S002,2025/05,80
S003,2025/05,86
S004,2025/05,92
S005,2025/05,98
S006,2025/05,104
S007,2025/05,110
S008,2025/05,116
S009,2025/05,122
S010,2025/05,128
S017,2025/05,134
S001,2025/06,78
S002,2025/06,84
S003,2025/06,90
S004,2025/06,96
S005,2025/06,102
S006,2025/06,108
S007,2025/06,114
S008,2025/06,120
S009,2025/06,126
S010,2025/06,132
S017,2025/06,138
S001,2025/07,82
S002,2025/07,88
S003,2025/07,94
S004,2025/07,100
S005,2025/07,106
S006,2025/07,112
S007,2025/07,118
S008,2025/07,124
S009,2025/07,130
S010,2025/07,136
S017,2025/07,142
S001,2025/08,86
S002,2025/08,92
S003,2025/08,98
S004,2025/08,104
S005,2025/08,110
S006,2025/08,116
S007,2025/08,122
S008,2025/08,128
S009,2025/08,134
S010,2025/08,140
S017,2025/08,146
S001,2025/09,90
S002,2025/09,96
S003,2025/09,102
S004,2025/09,108
S005,2025/09,114
S006,2025/09,120
S007,2025/09,126
S008,2025/09,132
S009,2025/09,138
S010,2025/09,144
S017,2025/09,150
S001,2025/10,70
S002,2025/10,76
S003,2025/10,82
S004,2025/10,88
S005,2025/10,94
S006,2025/10,100
S007,2025/10,106
S008,2025/10,112
S009,2025/10,118
S010,2025/10,124
S017,2025/10,130
S001,2025/11,74
S002,2025/11,80
S003,2025/11,86
S004,2025/11,92
S005,2025/11,98
S006,2025/11,104
S007,2025/11,110
S008,2025/11,116
S009,2025/11,122
S010,2025/11,128
S017,2025/11,134
S001,2025/12,78
S002,2025/12,84
S003,2025/12,90
S004,2025/12,96
S005,2025/12,102
S006,2025/12,108
S007,2025/12,114
S008,2025/12,120
S009,2025/12,126
S010,2025/12,132
S017,2025/12,138
S001,2026/01,82
S002,2026/01,88
S003,2026/01,94
S004,2026/01,100
S005,2026/01,106
S006,2026/01,112
S007,2026/01,118
S008,2026/01,124
S009,2026/01,130
S010,2026/01,136
S017,2026/01,142
S001,2026/02,86
S002,2026/02,92
S003,2026/02,98
S004,2026/02,104
S005,2026/02,110
S006,2026/02,116
S007,2026/02,122
S008,2026/02,128
S009,2026/02,134
S010,2026/02,140
S017,2026/02,146
S001,2026/03,90
S002,2026/03,96
S003,2026/03,102
S004,2026/03,108
S005,2026/03,114
S006,2026/03,120
S007,2026/03,126
S008,2026/03,132
S009,2026/03,138
S010,2026/03,144
S017,2026/03,150
S001,2026/04,70
S002,2026/04,76
S003,2026/04,82
S004,2026/04,88
S005,2026/04,94
S006,2026/04,100
S007,2026/04,106
S008,2026/04,112
S009,2026/04,118
S010,2026/04,124
S017,2026/04,130
S001,2026/05,74
S002,2026/05,80
S003,2026/05,86
S004,2026/05,92
S005,2026/05,98
S006,2026/05,104
S007,2026/05,110
S008,2026/05,116
S009,2026/05,122
S010,2026/05,128
S017,2026/05,134
