販売会社コード,車両ID,契約ID
S001,U00001,C10001
S001,V00001,C10002
S001,V00002,C10003
S001,U00002,C10004
S001,V00003,C10005
S001,V00004,C10006
S002,V00005,C10007
S002,V00006,C10008
S002,U00003,C10009
S002,V00007,C10010
S002,V00008,C10011
S002,U00004,C10012
S002,V00009,C10013
S003,V00010,C10014
S003,U00005,C10015
S003,V00011,C10016
S003,V00012,C10017
S003,U00006,C10018
S003,V00013,C10019
S003,V00014,C10020
S003,U00007,C10021
S004,U00008,C10022
S004,V00015,C10023
S004,V00016,C10024
S004,U00009,C10025
S004,V00017,C10026
S004,V00018,C10027
S004,U00010,C10028
S004,V00019,C10029
S004,V00020,C10030
S005,V00021,C10031
S005,V00022,C10032
S005,U00011,C10033
S005,V00023,C10034
S005,V00024,C10035
S005,U00012,C10036
S005,V00025,C10037
S005,V00026,C10038
S005,U00013,C10039
S005,V00027,C10040
S006,V00028,C10041
S006,U00014,C10042
S006,V00029,C10043
S006,V00030,C10044
S006,U00015,C10045
S006,V00031,C10046
S007,U00016,C10047
S007,V00032,C10048
S007,V00033,C10049
S007,U00017,C10050
S007,V00034,C10051
S007,V00035,C10052
S007,U00018,C10053
S008,V00036,C10054
S008,V00037,C10055
S008,U00019,C10056
S008,V00038,C10057
S008,V00039,C10058
S008,U00020,C10059
S008,V00040,C10060
S008,V00041,C10061
S009,V00042,C10062
S009,U00021,C10063
S009,V00043,C10064
S009,V00044,C10065
S009,U00022,C10066
S009,V00045,C10067
S009,V00046,C10068
S009,U00023,C10069
S009,V00047,C10070
S010,U00024,C10071
S010,V00048,C10072
S010,V00049,C10073
S010,U00025,C10074
S010,V00050,C10075
S010,V00051,C10076
S010,U00026,C10077
S010,V00052,C10078
S010,V00053,C10079
S010,U00027,C10080
S017,V00054,C10081
S017,V00055,C10082
S017,U00028,C10083
S017,V00056,C10084
S017,V00057,C10085
S017,U00029,C10086
S001,V00058,C10087
S001,V00059,C10088
S001,U00030,C10089
S001,V00060,C10090
S001,V00061,C10091
S001,U00031,C10092
S001,V00062,C10093
S002,V00063,C10094
S002,U00032,C10095
S002,V00064,C10096
S002,V00065,C10097
S002,U00033,C10098
S002,V00066,C10099
S002,V00067,C10100
S002,U00034,C10101
S003,U00035,C10102
S003,V00068,C10103
S003,V00069,C10104
S003,U00036,C10105
S003,V00070,C10106
S003,V00071,C10107
S003,U00037,C10108
S003,V00072,C10109
S003,V00073,C10110
S004,V00074,C10111
S004,V00075,C10112
S004,U00038,C10113
S004,V00076,C10114
S004,V00077,C10115
S004,U00039,C10116
S004,V00078,C10117
S004,V00079,C10118
S004,U00040,C10119
S004,V00080,C10120
S005,V00081,C10121
S005,U00041,C10122
S005,V00082,C10123
S005,V00083,C10124
S005,U00042,C10125
S005,V00084,C10126
S006,U00043,C10127
S006,V00085,C10128
S006,V00086,C10129
S006,U00044,C10130
S006,V00087,C10131
S006,V00088,C10132
S006,U00045,C10133
S007,V00089,C10134
S007,V00090,C10135
S007,U00046,C10136
S007,V00091,C10137
S007,V00092,C10138
S007,U00047,C10139
S007,V00093,C10140
S007,V00094,C10141
S008,V00095,C10142
S008,U00048,C10143
S008,V00096,C10144
S008,V00097,C10145
S008,U00049,C10146
S008,V00098,C10147
S008,V00099,C10148
S008,U00050,C10149
S008,V00100,C10150
S009,U00051,C10151
S009,V00101,C10152
S009,V00102,C10153
S009,U00052,C10154
S009,V00103,C10155
S009,V00104,C10156
S009,U00053,C10157
S009,V00105,C10158
S009,V00106,C10159
S009,U00054,C10160
S010,V00107,C10161
S010,V00108,C10162
S010,U00055,C10163
S010,V00109,C10164
S010,V00110,C10165
S010,U00056,C10166
S017,V00111,C10167
S017,U00057,C10168
S017,V00112,C10169
S017,V00113,C10170
S017,U00058,C10171
S017,V00114,C10172
S017,V00115,C10173
S001,V00116,C10174
S001,U00059,C10175
S001,V00117,C10176
S001,V00118,C10177
S001,U00060,C10178
S001,V00119,C10179
S001,V00120,C10180
S001,U00061,C10181
S002,U00062,C10182
S002,V00121,C10183
S002,V00122,C10184
S002,U00063,C10185
S002,V00123,C10186
S002,V00124,C10187
S002,U00064,C10188
S002,V00125,C10189
S002,V00126,C10190
S003,V00127,C10191
S003,V00128,C10192
S003,U00065,C10193
S003,V00129,C10194
S003,V00130,C10195
S003,U00066,C10196
S003,V00131,C10197
S003,V00132,C10198
S003,U00067,C10199
S003,V00133,C10200
S004,V00134,C10201
S004,U00068,C10202
S004,V00135,C10203
S004,V00136,C10204
S004,U00069,C10205
S004,V00137,C10206
S005,U00070,C10207
S005,V00138,C10208
S005,V00139,C10209
S005,U00071,C10210
S005,V00140,C10211
S005,V00141,C10212
S005,U00072,C10213
S006,V00142,C10214
S006,V00143,C10215
S006,U00073,C10216
S006,V00144,C10217
S006,V00145,C10218
S006,U00074,C10219
S006,V00146,C10220
S006,V00147,C10221
S007,V00148,C10222
S007,U00075,C10223
S007,V00149,C10224
S007,V00150,C10225
S007,U00076,C10226
S007,V00151,C10227
S007,V00152,C10228
S007,U00077,C10229
S007,V00153,C10230
S008,U00078,C10231
S008,V00154,C10232
S008,V00155,C10233
S008,U00079,C10234
S008,V00156,C10235
S008,V00157,C10236
S008,U00080,C10237
S008,V00158,C10238
S008,V00159,C10239
S008,U00081,C10240
S009,V00160,C10241
S009,V00161,C10242
S009,U00082,C10243
S009,V00162,C10244
S009,V00163,C10245
S009,U00083,C10246
S010,V00164,C10247
S010,U00084,C10248
S010,V00165,C10249
S010,V00166,C10250
S010,U00085,C10251
S010,V00167,C10252
S010,V00168,C10253
S017,U00086,C10254
S017,V00169,C10255
S017,V00170,C10256
S017,U00087,C10257
S017,V00171,C10258
S017,V00172,C10259
S017,U00088,C10260
S017,V00173,C10261
S001,U00089,C10262
S001,V00174,C10263
S001,V00175,C10264
S001,U00090,C10265
S001,V00176,C10266
S001,V00177,C10267
S001,U00091,C10268
S001,V00178,C10269
S001,V00179,C10270
S002,V00180,C10271
S002,V00181,C10272
S002,U00092,C10273
S002,V00182,C10274
S002,V00183,C10275
S002,U00093,C10276
S002,V00184,C10277
S002,V00185,C10278
S002,U00094,C10279
S002,V00186,C10280
S003,V00187,C10281
S003,U00095,C10282
S003,V00188,C10283
S003,V00189,C10284
S003,U00096,C10285
S003,V00190,C10286
S004,U00097,C10287
S004,V00191,C10288
S004,V00192,C10289
S004,U00098,C10290
S004,V00193,C10291
S004,V00194,C10292
S004,U00099,C10293
S005,V00195,C10294
S005,V00196,C10295
S005,U00100,C10296
S005,V00197,C10297
S005,V00198,C10298
S005,U00101,C10299
S005,V00199,C10300
S005,V00200,C10301
S006,V00201,C10302
S006,U00102,C10303
S006,V00202,C10304
S006,V00203,C10305
S006,U00103,C10306
S006,V00204,C10307
S006,V00205,C10308
S006,U00104,C10309
S006,V00206,C10310
S007,U00105,C10311
S007,V00207,C10312
S007,V00208,C10313
S007,U00106,C10314
S007,V00209,C10315
S007,V00210,C10316
S007,U00107,C10317
S007,V00211,C10318
S007,V00212,C10319
S007,U00108,C10320
S008,V00213,C10321
S008,V00214,C10322
S008,U00109,C10323
S008,V00215,C10324
S008,V00216,C10325
S008,U00110,C10326
S009,V00217,C10327
S009,U00111,C10328
S009,V00218,C10329
S009,V00219,C10330
S009,U00112,C10331
S009,V00220,C10332
S009,V00221,C10333
S010,U00113,C10334
S010,V00222,C10335
S010,V00223,C10336
S010,U00114,C10337
S010,V00224,C10338
S010,V00225,C10339
S010,U00115,C10340
S010,V00226,C10341
S017,V00227,C10342
S017,V00228,C10343
S017,U00116,C10344
S017,V00229,C10345
S017,V00230,C10346
S017,U00117,C10347
S017,V00231,C10348
S017,V00232,C10349
S017,U00118,C10350
S001,V00233,C10351
S001,V00234,C10352
S001,U00119,C10353
S001,V00235,C10354
S001,V00236,C10355
S001,U00120,C10356
S001,V00237,C10357
S001,V00238,C10358
S001,U00121,C10359
S001,V00239,C10360
S002,V00240,C10361
S002,U00122,C10362
S002,V00241,C10363
S002,V00242,C10364
S002,U00123,C10365
S002,V00243,C10366
S003,U00124,C10367
S003,V00244,C10368
S003,V00245,C10369
S003,U00125,C10370
S003,V00246,C10371
S003,V00247,C10372
S003,U00126,C10373
S004,V00248,C10374
S004,V00249,C10375
S004,U00127,C10376
S004,V00250,C10377
S004,V00251,C10378
S004,U00128,C10379
S004,V00252,C10380
S004,V00253,C10381
S005,V00254,C10382
S005,U00129,C10383
S005,V00255,C10384
S005,V00256,C10385
S005,U00130,C10386
S005,V00257,C10387
S005,V00258,C10388
S005,U00131,C10389
S005,V00259,C10390
S006,U00132,C10391
S006,V00260,C10392
S006,V00261,C10393
S006,U00133,C10394
S006,V00262,C10395
S006,V00263,C10396
S006,U00134,C10397
S006,V00264,C10398
S006,V00265,C10399
S006,U00135,C10400
S007,V00266,C10401
S007,V00267,C10402
S007,U00136,C10403
S007,V00268,C10404
S007,V00269,C10405
S007,U00137,C10406
S008,V00270,C10407
S008,U00138,C10408
S008,V00271,C10409
S008,V00272,C10410
S008,U00139,C10411
S008,V00273,C10412
S008,V00274,C10413
S009,U00140,C10414
S009,V00275,C10415
S009,V00276,C10416
S009,U00141,C10417
S009,V00277,C10418
S009,V00278,C10419
S009,U00142,C10420
S009,V00279,C10421
S010,V00280,C10422
S010,V00281,C10423
S010,U00143,C10424
S010,V00282,C10425
S010,V00283,C10426
S010,U00144,C10427
S010,V00284,C10428
S010,V00285,C10429
S010,U00145,C10430
S017,V00286,C10431
S017,U00146,C10432
S017,V00287,C10433
S017,V00288,C10434
S017,U00147,C10435
S017,V00289,C10436
S017,V00290,C10437
S017,U00148,C10438
S017,V00291,C10439
S017,V00292,C10440
S001,V00293,C10441
S001,U00149,C10442
S001,V00294,C10443
S001,V00295,C10444
S001,U00150,C10445
S001,V00296,C10446
S002,U00151,C10447
S002,V00297,C10448
S002,V00298,C10449
S002,U00152,C10450
S002,V00299,C10451
S002,V00300,C10452
S002,U00153,C10453
S003,V00301,C10454
S003,V00302,C10455
S003,U00154,C10456
S003,V00303,C10457
S003,V00304,C10458
S003,U00155,C10459
S003,V00305,C10460
S003,V00306,C10461
S004,V00307,C10462
S004,U00156,C10463
S004,V00308,C10464
S004,V00309,C10465
S004,U00157,C10466
S004,V00310,C10467
S004,V00311,C10468
S004,U00158,C10469
S004,V00312,C10470
S005,U00159,C10471
S005,V00313,C10472
S005,V00314,C10473
S005,U00160,C10474
S005,V00315,C10475
S005,V00316,C10476
S005,U00161,C10477
S005,V00317,C10478
S005,V00318,C10479
S005,U00162,C10480
S006,V00319,C10481
S006,V00320,C10482
S006,U00163,C10483
S006,V00321,C10484
S006,V00322,C10485
S006,U00164,C10486
S007,V00323,C10487
S007,U00165,C10488
S007,V00324,C10489
S007,V00325,C10490
S007,U00166,C10491
S007,V00326,C10492
S007,V00327,C10493
S008,U00167,C10494
S008,V00328,C10495
S008,V00329,C10496
S008,U00168,C10497
S008,V00330,C10498
S008,V00331,C10499
S008,U00169,C10500
S008,V00332,C10501
S009,V00333,C10502
S009,V00334,C10503
S009,U00170,C10504
S009,V00335,C10505
S009,V00336,C10506
S009,U00171,C10507
S009,V00337,C10508
S009,V00338,C10509
S009,U00172,C10510
S010,V00339,C10511
S010,U00173,C10512
S010,V00340,C10513
S010,V00341,C10514
S010,U00174,C10515
S010,V00342,C10516
S010,V00343,C10517
S010,U00175,C10518
S010,V00344,C10519
S010,V00345,C10520
S017,U00176,C10521
S017,V00346,C10522
S017,V00347,C10523
S017,U00177,C10524
S017,V00348,C10525
S017,V00349,C10526
S001,U00178,C10527
S001,V00350,C10528
S001,V00351,C10529
S001,U00179,C10530
S001,V00352,C10531
S001,V00353,C10532
S001,U00180,C10533
S002,V00354,C10534
S002,V00355,C10535
S002,U00181,C10536
S002,V00356,C10537
S002,V00357,C10538
S002,U00182,C10539
S002,V00358,C10540
S002,V00359,C10541
S003,V00360,C10542
S003,U00183,C10543
S003,V00361,C10544
S003,V00362,C10545
S003,U00184,C10546
S003,V00363,C10547
S003,V00364,C10548
S003,U00185,C10549
S003,V00365,C10550
S004,U00186,C10551
S004,V00366,C10552
S004,V00367,C10553
S004,U00187,C10554
S004,V00368,C10555
S004,V00369,C10556
S004,U00188,C10557
S004,V00370,C10558
S004,V00371,C10559
S004,U00189,C10560
S005,V00372,C10561
S005,V00373,C10562
S005,U00190,C10563
S005,V00374,C10564
S005,V00375,C10565
S005,U00191,C10566
S006,V00376,C10567
S006,U00192,C10568
S006,V00377,C10569
S006,V00378,C10570
S006,U00193,C10571
S006,V00379,C10572
S006,V00380,C10573
S007,U00194,C10574
S007,V00381,C10575
S007,V00382,C10576
S007,U00195,C10577
S007,V00383,C10578
S007,V00384,C10579
S007,U00196,C10580
S007,V00385,C10581
S008,V00386,C10582
S008,V00387,C10583
S008,U00197,C10584
S008,V00388,C10585
S008,V00389,C10586
S008,U00198,C10587
S008,V00390,C10588
S008,V00391,C10589
S008,U00199,C10590
S009,V00392,C10591
S009,U00200,C10592
S009,V00393,C10593
S009,V00394,C10594
S009,U00201,C10595
S009,V00395,C10596
S009,V00396,C10597
S009,U00202,C10598
S009,V00397,C10599
S009,V00398,C10600
S010,U00203,C10601
S010,V00399,C10602
S010,V00400,C10603
S010,U00204,C10604
S010,V00401,C10605
S010,V00402,C10606
S017,V00403,C10607
S017,V00404,C10608
S017,U00205,C10609
S017,V00405,C10610
S017,V00406,C10611
S017,U00206,C10612
S017,V00407,C10613
S001,V00408,C10614
S001,V00409,C10615
S001,U00207,C10616
S001,V00410,C10617
S001,V00411,C10618
S001,U00208,C10619
S001,V00412,C10620
S001,V00413,C10621
S002,V00414,C10622
S002,U00209,C10623
S002,V00415,C10624
S002,V00416,C10625
S002,U00210,C10626
S002,V00417,C10627
S002,V00418,C10628
S002,U00211,C10629
S002,V00419,C10630
S003,U00212,C10631
S003,V00420,C10632
S003,V00421,C10633
S003,U00213,C10634
S003,V00422,C10635
S003,V00423,C10636
S003,U00214,C10637
S003,V00424,C10638
S003,V00425,C10639
S003,U00215,C10640
S004,V00426,C10641
S004,V00427,C10642
S004,U00216,C10643
S004,V00428,C10644
S004,V00429,C10645
S004,U00217,C10646
S005,V00430,C10647
S005,U00218,C10648
S005,V00431,C10649
S005,V00432,C10650
S005,U00219,C10651
S005,V00433,C10652
S005,V00434,C10653
S006,U00220,C10654
S006,V00435,C10655
S006,V00436,C10656
S006,U00221,C10657
S006,V00437,C10658
S006,V00438,C10659
S006,U00222,C10660
S006,V00439,C10661
S007,V00440,C10662
S007,V00441,C10663
S007,U00223,C10664
S007,V00442,C10665
S007,V00443,C10666
S007,U00224,C10667
S007,V00444,C10668
S007,V00445,C10669
S007,U00225,C10670
S008,V00446,C10671
S008,U00226,C10672
S008,V00447,C10673
S008,V00448,C10674
S008,U00227,C10675
S008,V00449,C10676
S008,V00450,C10677
S008,U00228,C10678
S008,V00451,C10679
S008,V00452,C10680
S009,U00229,C10681
S009,V00453,C10682
S009,V00454,C10683
S009,U00230,C10684
S009,V00455,C10685
S009,V00456,C10686
S010,V00457,C10687
S010,V00458,C10688
S010,U00231,C10689
S010,V00459,C10690
S010,V00460,C10691
S010,U00232,C10692
S010,V00461,C10693
S017,V00462,C10694
S017,U00233,C10695
S017,V00463,C10696
S017,V00464,C10697
S017,U00234,C10698
S017,V00465,C10699
S017,V00466,C10700
S017,U00235,C10701
S001,V00467,C10702
S001,U00236,C10703
S001,V00468,C10704
S001,V00469,C10705
S001,U00237,C10706
S001,V00470,C10707
S001,V00471,C10708
S001,U00238,C10709
S001,V00472,C10710
S002,U00239,C10711
S002,V00473,C10712
S002,V00474,C10713
S002,U00240,C10714
S002,V00475,C10715
S002,V00476,C10716
S002,U00241,C10717
S002,V00477,C10718
S002,V00478,C10719
S002,U00242,C10720
S003,V00479,C10721
S003,V00480,C10722
S003,U00243,C10723
S003,V00481,C10724
S003,V00482,C10725
S003,U00244,C10726
S004,V00483,C10727
S004,U00245,C10728
S004,V00484,C10729
S004,V00485,C10730
S004,U00246,C10731
S004,V00486,C10732
S004,V00487,C10733
S005,U00247,C10734
S005,V00488,C10735
S005,V00489,C10736
S005,U00248,C10737
S005,V00490,C10738
S005,V00491,C10739
S005,U00249,C10740
S005,V00492,C10741
S006,V00493,C10742
S006,V00494,C10743
S006,U00250,C10744
S006,V00495,C10745
S006,V00496,C10746
S006,U00251,C10747
S006,V00497,C10748
S006,V00498,C10749
S006,U00252,C10750
S007,V00499,C10751
S007,U00253,C10752
S007,V00500,C10753
S007,V00501,C10754
S007,U00254,C10755
S007,V00502,C10756
S007,V00503,C10757
S007,U00255,C10758
S007,V00504,C10759
S007,V00505,C10760
S008,U00256,C10761
S008,V00506,C10762
S008,V00507,C10763
S008,U00257,C10764
S008,V00508,C10765
S008,V00509,C10766
S009,V00510,C10767
S009,V00511,C10768
S009,U00258,C10769
S009,V00512,C10770
S009,V00513,C10771
S009,U00259,C10772
S009,V00514,C10773
S010,V00515,C10774
S010,U00260,C10775
S010,V00516,C10776
S010,V00517,C10777
S010,U00261,C10778
S010,V00518,C10779
S010,V00519,C10780
S010,U00262,C10781
S017,U00263,C10782
S017,V00520,C10783
S017,V00521,C10784
S017,U00264,C10785
S017,V00522,C10786
S017,V00523,C10787
S017,U00265,C10788
S017,V00524,C10789
S017,V00525,C10790
S001,U00266,C10791
S001,V00526,C10792
S001,V00527,C10793
S001,U00267,C10794
S001,V00528,C10795
S001,V00529,C10796
S001,U00268,C10797
S001,V00530,C10798
S001,V00531,C10799
S001,U00269,C10800
S002,V00532,C10801
S002,V00533,C10802
S002,U00270,C10803
S002,V00534,C10804
S002,V00535,C10805
S002,U00271,C10806
S003,V00536,C10807
S003,U00272,C10808
S003,V00537,C10809
S003,V00538,C10810
S003,U00273,C10811
S003,V00539,C10812
S003,V00540,C10813
S004,U00274,C10814
S004,V00541,C10815
S004,V00542,C10816
S004,U00275,C10817
S004,V00543,C10818
S004,V00544,C10819
S004,U00276,C10820
S004,V00545,C10821
S005,V00546,C10822
S005,V00547,C10823
S005,U00277,C10824
S005,V00548,C10825
S005,V00549,C10826
S005,U00278,C10827
S005,V00550,C10828
S005,V00551,C10829
S005,U00279,C10830
S006,V00552,C10831
S006,U00280,C10832
S006,V00553,C10833
S006,V00554,C10834
S006,U00281,C10835
S006,V00555,C10836
S006,V00556,C10837
S006,U00282,C10838
S006,V00557,C10839
S006,V00558,C10840
S007,U00283,C10841
S007,V00559,C10842
S007,V00560,C10843
S007,U00284,C10844
S007,V00561,C10845
S007,V00562,C10846
S008,V00563,C10847
S008,V00564,C10848
S008,U00285,C10849
S008,V00565,C10850
S008,V00566,C10851
S008,U00286,C10852
S008,V00567,C10853
S009,V00568,C10854
S009,U00287,C10855
S009,V00569,C10856
S009,V00570,C10857
S009,U00288,C10858
S009,V00571,C10859
S009,V00572,C10860
S009,U00289,C10861
S010,U00290,C10862
S010,V00573,C10863
S010,V00574,C10864
S010,U00291,C10865
S010,V00575,C10866
S010,V00576,C10867
S010,U00292,C10868
S010,V00577,C10869
S010,V00578,C10870
S017,V00579,C10871
S017,V00580,C10872
S017,U00293,C10873
S017,V00581,C10874
S017,V00582,C10875
S017,U00294,C10876
S017,V00583,C10877
S017,V00584,C10878
S017,U00295,C10879
S017,V00585,C10880
S001,V00586,C10881
S001,V00587,C10882
S001,U00296,C10883
S001,V00588,C10884
S001,V00589,C10885
S001,U00297,C10886
S002,V00590,C10887
S002,U00298,C10888
S002,V00591,C10889
S002,V00592,C10890
S002,U00299,C10891
S002,V00593,C10892
S002,V00594,C10893
S003,U00300,C10894
S003,V00595,C10895
S003,V00596,C10896
S003,U00301,C10897
S003,V00597,C10898
S003,V00598,C10899
S003,U00302,C10900
S003,V00599,C10901
S004,V00600,C10902
S004,V00601,C10903
S004,U00303,C10904
S004,V00602,C10905
S004,V00603,C10906
S004,U00304,C10907
S004,V00604,C10908
S004,V00605,C10909
S004,U00305,C10910
S005,V00606,C10911
S005,U00306,C10912
S005,V00607,C10913
S005,V00608,C10914
S005,U00307,C10915
S005,V00609,C10916
S005,V00610,C10917
S005,U00308,C10918
S005,V00611,C10919
S005,V00612,C10920
S006,U00309,C10921
S006,V00613,C10922
S006,V00614,C10923
S006,U00310,C10924
S006,V00615,C10925
S006,V00616,C10926
S007,V00617,C10927
S007,V00618,C10928
S007,U00311,C10929
S007,V00619,C10930
S007,V00620,C10931
S007,U00312,C10932
S007,V00621,C10933
S008,V00622,C10934
S008,U00313,C10935
S008,V00623,C10936
S008,V00624,C10937
S008,U00314,C10938
S008,V00625,C10939
S008,V00626,C10940
S008,U00315,C10941
S009,U00316,C10942
S009,V00627,C10943
S009,V00628,C10944
S009,U00317,C10945
S009,V00629,C10946
S009,V00630,C10947
S009,U00318,C10948
S009,V00631,C10949
S009,V00632,C10950
S010,V00633,C10951
S010,V00634,C10952
S010,U00319,C10953
S010,V00635,C10954
S010,V00636,C10955
S010,U00320,C10956
S010,V00637,C10957
S010,V00638,C10958
S010,U00321,C10959
S010,V00639,C10960
S017,V00640,C10961
S017,U00322,C10962
S017,V00641,C10963
S017,V00642,C10964
S017,U00323,C10965
S017,V00643,C10966
S001,V00644,C10967
S001,U00324,C10968
S001,V00645,C10969
S001,V00646,C10970
S001,U00325,C10971
S001,V00647,C10972
S001,V00648,C10973
S002,U00326,C10974
S002,V00649,C10975
S002,V00650,C10976
S002,U00327,C10977
S002,V00651,C10978
S002,V00652,C10979
S002,U00328,C10980
S002,V00653,C10981
S003,V00654,C10982
S003,V00655,C10983
S003,U00329,C10984
S003,V00656,C10985
S003,V00657,C10986
S003,U00330,C10987
S003,V00658,C10988
S003,V00659,C10989
S003,U00331,C10990
S004,V00660,C10991
S004,U00332,C10992
S004,V00661,C10993
S004,V00662,C10994
S004,U00333,C10995
S004,V00663,C10996
S004,V00664,C10997
S004,U00334,C10998
S004,V00665,C10999
S004,V00666,C11000
S005,U00335,C11001
S005,V00667,C11002
S005,V00668,C11003
S005,U00336,C11004
S005,V00669,C11005
S005,V00670,C11006
S006,V00671,C11007
S006,V00672,C11008
S006,U00337,C11009
S006,V00673,C11010
S006,V00674,C11011
S006,U00338,C11012
S006,V00675,C11013
S007,V00676,C11014
S007,U00339,C11015
S007,V00677,C11016
S007,V00678,C11017
S007,U00340,C11018
S007,V00679,C11019
S007,V00680,C11020
S007,U00341,C11021
S008,U00342,C11022
S008,V00681,C11023
S008,V00682,C11024
S008,U00343,C11025
S008,V00683,C11026
S008,V00684,C11027
S008,U00344,C11028
S008,V00685,C11029
S008,V00686,C11030
S009,V00687,C11031
S009,V00688,C11032
S009,U00345,C11033
S009,V00689,C11034
S009,V00690,C11035
S009,U00346,C11036
S009,V00691,C11037
S009,V00692,C11038
S009,U00347,C11039
S009,V00693,C11040
S010,V00694,C11041
S010,U00348,C11042
S010,V00695,C11043
S010,V00696,C11044
S010,U00349,C11045
S010,V00697,C11046
S017,U00350,C11047
S017,V00698,C11048
S017,V00699,C11049
S017,U00351,C11050
S017,V00700,C11051
S017,V00701,C11052
S017,U00352,C11053
S001,U00353,C11054
S001,V00702,C11055
S001,V00703,C11056
S001,U00354,C11057
S001,V00704,C11058
S001,V00705,C11059
S001,U00355,C11060
S001,V00706,C11061
S002,V00707,C11062
S002,V00708,C11063
S002,U00356,C11064
S002,V00709,C11065
S002,V00710,C11066
S002,U00357,C11067
S002,V00711,C11068
S002,V00712,C11069
S002,U00358,C11070
S003,V00713,C11071
S003,U00359,C11072
S003,V00714,C11073
S003,V00715,C11074
S003,U00360,C11075
S003,V00716,C11076
S003,V00717,C11077
S003,U00361,C11078
S003,V00718,C11079
S003,V00719,C11080
S004,U00362,C11081
S004,V00720,C11082
S004,V00721,C11083
S004,U00363,C11084
S004,V00722,C11085
S004,V00723,C11086
S005,V00724,C11087
S005,V00725,C11088
S005,U00364,C11089
S005,V00726,C11090
S005,V00727,C11091
S005,U00365,C11092
S005,V00728,C11093
S006,V00729,C11094
S006,U00366,C11095
S006,V00730,C11096
S006,V00731,C11097
S006,U00367,C11098
S006,V00732,C11099
S006,V00733,C11100
S006,U00368,C11101
S007,U00369,C11102
S007,V00734,C11103
S007,V00735,C11104
S007,U00370,C11105
S007,V00736,C11106
S007,V00737,C11107
S007,U00371,C11108
S007,V00738,C11109
S007,V00739,C11110
S008,V00740,C11111
S008,V00741,C11112
S008,U00372,C11113
S008,V00742,C11114
S008,V00743,C11115
S008,U00373,C11116
S008,V00744,C11117
S008,V00745,C11118
S008,U00374,C11119
S008,V00746,C11120
S009,V00747,C11121
S009,U00375,C11122
S009,V00748,C11123
S009,V00749,C11124
S009,U00376,C11125
S009,V00750,C11126
S010,U00377,C11127
S010,V00751,C11128
S010,V00752,C11129
S010,U00378,C11130
S010,V00753,C11131
S010,V00754,C11132
S010,U00379,C11133
S017,V00755,C11134
S017,V00756,C11135
S017,U00380,C11136
S017,V00757,C11137
S017,V00758,C11138
S017,U00381,C11139
S017,V00759,C11140
S017,V00760,C11141
S001,V00761,C11142
S001,V00762,C11143
S001,U00382,C11144
S001,V00763,C11145
S001,V00764,C11146
S001,U00383,C11147
S001,V00765,C11148
S001,V00766,C11149
S001,U00384,C11150
S002,V00767,C11151
S002,U00385,C11152
S002,V00768,C11153
S002,V00769,C11154
S002,U00386,C11155
S002,V00770,C11156
S002,V00771,C11157
S002,U00387,C11158
S002,V00772,C11159
S002,V00773,C11160
S003,U00388,C11161
S003,V00774,C11162
S003,V00775,C11163
S003,U00389,C11164
S003,V00776,C11165
S003,V00777,C11166
S004,V00778,C11167
S004,V00779,C11168
S004,U00390,C11169
S004,V00780,C11170
S004,V00781,C11171
S004,U00391,C11172
S004,V00782,C11173
S005,V00783,C11174
S005,U00392,C11175
S005,V00784,C11176
S005,V00785,C11177
S005,U00393,C11178
S005,V00786,C11179
S005,V00787,C11180
S005,U00394,C11181
S006,U00395,C11182
S006,V00788,C11183
S006,V00789,C11184
S006,U00396,C11185
S006,V00790,C11186
S006,V00791,C11187
S006,U00397,C11188
S006,V00792,C11189
S006,V00793,C11190
S007,V00794,C11191
S007,V00795,C11192
S007,U00398,C11193
S007,V00796,C11194
S007,V00797,C11195
S007,U00399,C11196
S007,V00798,C11197
S007,V00799,C11198
S007,U00400,C11199
S007,V00800,C11200
S008,V00801,C11201
S008,U00401,C11202
S008,V00802,C11203
S008,V00803,C11204
S008,U00402,C11205
S008,V00804,C11206
S009,U00403,C11207
S009,V00805,C11208
S009,V00806,C11209
S009,U00404,C11210
S009,V00807,C11211
S009,V00808,C11212
S009,U00405,C11213
S010,V00809,C11214
S010,V00810,C11215
S010,U00406,C11216
S010,V00811,C11217
S010,V00812,C11218
S010,U00407,C11219
S010,V00813,C11220
S010,V00814,C11221
S017,V00815,C11222
S017,U00408,C11223
S017,V00816,C11224
S017,V00817,C11225
S017,U00409,C11226
S017,V00818,C11227
S017,V00819,C11228
S017,U00410,C11229
S017,V00820,C11230
S001,V00821,C11231
S001,U00411,C11232
S001,V00822,C11233
S001,V00823,C11234
S001,U00412,C11235
S001,V00824,C11236
S001,V00825,C11237
S001,U00413,C11238
S001,V00826,C11239
S001,V00827,C11240
S002,U00414,C11241
S002,V00828,C11242
S002,V00829,C11243
S002,U00415,C11244
S002,V00830,C11245
S002,V00831,C11246
S003,V00832,C11247
S003,V00833,C11248
S003,U00416,C11249
S003,V00834,C11250
S003,V00835,C11251
S003,U00417,C11252
S003,V00836,C11253
S004,V00837,C11254
S004,U00418,C11255
S004,V00838,C11256
S004,V00839,C11257
S004,U00419,C11258
S004,V00840,C11259
S004,V00841,C11260
S004,U00420,C11261
S005,U00421,C11262
S005,V00842,C11263
S005,V00843,C11264
S005,U00422,C11265
S005,V00844,C11266
S005,V00845,C11267
S005,U00423,C11268
S005,V00846,C11269
S005,V00847,C11270
S006,V00848,C11271
S006,V00849,C11272
S006,U00424,C11273
S006,V00850,C11274
S006,V00851,C11275
S006,U00425,C11276
S006,V00852,C11277
S006,V00853,C11278
S006,U00426,C11279
S006,V00854,C11280
S007,V00855,C11281
S007,U00427,C11282
S007,V00856,C11283
S007,V00857,C11284
S007,U00428,C11285
S007,V00858,C11286
S008,U00429,C11287
S008,V00859,C11288
S008,V00860,C11289
S008,U00430,C11290
S008,V00861,C11291
S008,V00862,C11292
S008,U00431,C11293
S009,V00863,C11294
S009,V00864,C11295
S009,U00432,C11296
S009,V00865,C11297
S009,V00866,C11298
S009,U00433,C11299
S009,V00867,C11300
S009,V00868,C11301
S010,V00869,C11302
S010,U00434,C11303
S010,V00870,C11304
S010,V00871,C11305
S010,U00435,C11306
S010,V00872,C11307
S010,V00873,C11308
S010,U00436,C11309
S010,V00874,C11310
S017,U00437,C11311
S017,V00875,C11312
S017,V00876,C11313
S017,U00438,C11314
S017,V00877,C11315
S017,V00878,C11316
S017,U00439,C11317
S017,V00879,C11318
S017,V00880,C11319
S017,U00440,C11320
S001,U00441,C11321
S001,V00881,C11322
S001,V00882,C11323
S001,U00442,C11324
S001,V00883,C11325
S001,V00884,C11326
S002,V00885,C11327
S002,V00886,C11328
S002,U00443,C11329
S002,V00887,C11330
S002,V00888,C11331
S002,U00444,C11332
S002,V00889,C11333
S003,V00890,C11334
S003,U00445,C11335
S003,V00891,C11336
S003,V00892,C11337
S003,U00446,C11338
S003,V00893,C11339
S003,V00894,C11340
S003,U00447,C11341
S004,U00448,C11342
S004,V00895,C11343
S004,V00896,C11344
S004,U00449,C11345
S004,V00897,C11346
S004,V00898,C11347
S004,U00450,C11348
S004,V00899,C11349
S004,V00900,C11350
S005,V00901,C11351
S005,V00902,C11352
S005,U00451,C11353
S005,V00903,C11354
S005,V00904,C11355
S005,U00452,C11356
S005,V00905,C11357
S005,V00906,C11358
S005,U00453,C11359
S005,V00907,C11360
S006,V00908,C11361
S006,U00454,C11362
S006,V00909,C11363
S006,V00910,C11364
S006,U00455,C11365
S006,V00911,C11366
S007,U00456,C11367
S007,V00912,C11368
S007,V00913,C11369
S007,U00457,C11370
S007,V00914,C11371
S007,V00915,C11372
S007,U00458,C11373
S008,V00916,C11374
S008,V00917,C11375
S008,U00459,C11376
S008,V00918,C11377
S008,V00919,C11378
S008,U00460,C11379
S008,V00920,C11380
S008,V00921,C11381
S009,V00922,C11382
S009,U00461,C11383
S009,V00923,C11384
S009,V00924,C11385
S009,U00462,C11386
S009,V00925,C11387
S009,V00926,C11388
S009,U00463,C11389
S009,V00927,C11390
S010,U00464,C11391
S010,V00928,C11392
S010,V00929,C11393
S010,U00465,C11394
S010,V00930,C11395
S010,V00931,C11396
S010,U00466,C11397
S010,V00932,C11398
S010,V00933,C11399
S010,U00467,C11400
S017,V00934,C11401
S017,V00935,C11402
S017,U00468,C11403
S017,V00936,C11404
S017,V00937,C11405
S017,U00469,C11406
S001,V00938,C11407
S001,V00939,C11408
S001,U00470,C11409
S001,V00940,C11410
S001,V00941,C11411
S001,U00471,C11412
S001,V00942,C11413
S002,V00943,C11414
S002,U00472,C11415
S002,V00944,C11416
S002,V00945,C11417
S002,U00473,C11418
S002,V00946,C11419
S002,V00947,C11420
S002,U00474,C11421
S003,U00475,C11422
S003,V00948,C11423
S003,V00949,C11424
S003,U00476,C11425
S003,V00950,C11426
S003,V00951,C11427
S003,U00477,C11428
S003,V00952,C11429
S003,V00953,C11430
S004,V00954,C11431
S004,V00955,C11432
S004,U00478,C11433
S004,V00956,C11434
S004,V00957,C11435
S004,U00479,C11436
S004,V00958,C11437
S004,V00959,C11438
S004,U00480,C11439
S004,V00960,C11440
S005,V00961,C11441
S005,U00481,C11442
S005,V00962,C11443
S005,V00963,C11444
S005,U00482,C11445
S005,V00964,C11446
S006,U00483,C11447
S006,V00965,C11448
S006,V00966,C11449
S006,U00484,C11450
S006,V00967,C11451
S006,V00968,C11452
S006,U00485,C11453
S007,V00969,C11454
S007,V00970,C11455
S007,U00486,C11456
S007,V00971,C11457
S007,V00972,C11458
S007,U00487,C11459
S007,V00973,C11460
S007,V00974,C11461
S008,V00975,C11462
S008,U00488,C11463
S008,V00976,C11464
S008,V00977,C11465
S008,U00489,C11466
S008,V00978,C11467
S008,V00979,C11468
S008,U00490,C11469
S008,V00980,C11470
S009,U00491,C11471
S009,V00981,C11472
S009,V00982,C11473
S009,U00492,C11474
S009,V00983,C11475
S009,V00984,C11476
S009,U00493,C11477
S009,V00985,C11478
S009,V00986,C11479
S009,U00494,C11480
S010,V00987,C11481
S010,V00988,C11482
S010,U00495,C11483
S010,V00989,C11484
S010,V00990,C11485
S010,U00496,C11486
S017,V00991,C11487
S017,U00497,C11488
S017,V00992,C11489
S017,V00993,C11490
S017,U00498,C11491
S017,V00994,C11492
S017,V00995,C11493
S001,V00996,C11494
S001,U00499,C11495
S001,V00997,C11496
S001,V00998,C11497
S001,U00500,C11498
S001,V00999,C11499
S001,V01000,C11500
S001,U00501,C11501
S002,U00502,C11502
S002,V01001,C11503
S002,V01002,C11504
S002,U00503,C11505
S002,V01003,C11506
S002,V01004,C11507
S002,U00504,C11508
S002,V01005,C11509
S002,V01006,C11510
S003,V01007,C11511
S003,V01008,C11512
S003,U00505,C11513
S003,V01009,C11514
S003,V01010,C11515
S003,U00506,C11516
S003,V01011,C11517
S003,V01012,C11518
S003,U00507,C11519
S003,V01013,C11520
S004,V01014,C11521
S004,U00508,C11522
S004,V01015,C11523
S004,V01016,C11524
S004,U00509,C11525
S004,V01017,C11526
S005,U00510,C11527
S005,V01018,C11528
S005,V01019,C11529
S005,U00511,C11530
S005,V01020,C11531
S005,V01021,C11532
S005,U00512,C11533
S006,V01022,C11534
S006,V01023,C11535
S006,U00513,C11536
S006,V01024,C11537
S006,V01025,C11538
S006,U00514,C11539
S006,V01026,C11540
S006,V01027,C11541
S007,V01028,C11542
S007,U00515,C11543
S007,V01029,C11544
S007,V01030,C11545
S007,U00516,C11546
S007,V01031,C11547
S007,V01032,C11548
S007,U00517,C11549
S007,V01033,C11550
S008,U00518,C11551
S008,V01034,C11552
S008,V01035,C11553
S008,U00519,C11554
S008,V01036,C11555
S008,V01037,C11556
S008,U00520,C11557
S008,V01038,C11558
S008,V01039,C11559
S008,U00521,C11560
S009,V01040,C11561
S009,V01041,C11562
S009,U00522,C11563
S009,V01042,C11564
S009,V01043,C11565
S009,U00523,C11566
S010,V01044,C11567
S010,U00524,C11568
S010,V01045,C11569
S010,V01046,C11570
S010,U00525,C11571
S010,V01047,C11572
S010,V01048,C11573
S017,U00526,C11574
S017,V01049,C11575
S017,V01050,C11576
S017,U00527,C11577
S017,V01051,C11578
S017,V01052,C11579
S017,U00528,C11580
S017,V01053,C11581
S001,U00529,C11582
S001,V01054,C11583
S001,V01055,C11584
S001,U00530,C11585
S001,V01056,C11586
S001,V01057,C11587
S001,U00531,C11588
S001,V01058,C11589
S001,V01059,C11590
S002,V01060,C11591
S002,V01061,C11592
S002,U00532,C11593
S002,V01062,C11594
S002,V01063,C11595
S002,U00533,C11596
S002,V01064,C11597
S002,V01065,C11598
S002,U00534,C11599
S002,V01066,C11600
S003,V01067,C11601
S003,U00535,C11602
S003,V01068,C11603
S003,V01069,C11604
S003,U00536,C11605
S003,V01070,C11606
S004,U00537,C11607
S004,V01071,C11608
S004,V01072,C11609
S004,U00538,C11610
S004,V01073,C11611
S004,V01074,C11612
S004,U00539,C11613
S005,V01075,C11614
S005,V01076,C11615
S005,U00540,C11616
S005,V01077,C11617
S005,V01078,C11618
S005,U00541,C11619
S005,V01079,C11620
S005,V01080,C11621
S006,V01081,C11622
S006,U00542,C11623
S006,V01082,C11624
S006,V01083,C11625
S006,U00543,C11626
S006,V01084,C11627
S006,V01085,C11628
S006,U00544,C11629
S006,V01086,C11630
S007,U00545,C11631
S007,V01087,C11632
S007,V01088,C11633
S007,U00546,C11634
S007,V01089,C11635
S007,V01090,C11636
S007,U00547,C11637
S007,V01091,C11638
S007,V01092,C11639
S007,U00548,C11640
S008,V01093,C11641
S008,V01094,C11642
S008,U00549,C11643
S008,V01095,C11644
S008,V01096,C11645
S008,U00550,C11646
S009,V01097,C11647
S009,U00551,C11648
S009,V01098,C11649
S009,V01099,C11650
S009,U00552,C11651
S009,V01100,C11652
S009,V01101,C11653
S010,U00553,C11654
S010,V01102,C11655
S010,V01103,C11656
S010,U00554,C11657
S010,V01104,C11658
S010,V01105,C11659
S010,U00555,C11660
S010,V01106,C11661
S017,V01107,C11662
S017,V01108,C11663
S017,U00556,C11664
S017,V01109,C11665
S017,V01110,C11666
S017,U00557,C11667
S017,V01111,C11668
S017,V01112,C11669
S017,U00558,C11670
S001,V01113,C11671
S001,V01114,C11672
S001,U00559,C11673
S001,V01115,C11674
S001,V01116,C11675
S001,U00560,C11676
S001,V01117,C11677
S001,V01118,C11678
S001,U00561,C11679
S001,V01119,C11680
S002,V01120,C11681
S002,U00562,C11682
S002,V01121,C11683
S002,V01122,C11684
S002,U00563,C11685
S002,V01123,C11686
S003,U00564,C11687
S003,V01124,C11688
S003,V01125,C11689
S003,U00565,C11690
S003,V01126,C11691
S003,V01127,C11692
S003,U00566,C11693
S004,V01128,C11694
S004,V01129,C11695
S004,U00567,C11696
S004,V01130,C11697
S004,V01131,C11698
S004,U00568,C11699
S004,V01132,C11700
S004,V01133,C11701
S005,V01134,C11702
S005,U00569,C11703
S005,V01135,C11704
S005,V01136,C11705
S005,U00570,C11706
S005,V01137,C11707
S005,V01138,C11708
S005,U00571,C11709
S005,V01139,C11710
S006,U00572,C11711
S006,V01140,C11712
S006,V01141,C11713
S006,U00573,C11714
S006,V01142,C11715
S006,V01143,C11716
S006,U00574,C11717
S006,V01144,C11718
S006,V01145,C11719
S006,U00575,C11720
S007,V01146,C11721
S007,V01147,C11722
S007,U00576,C11723
S007,V01148,C11724
S007,V01149,C11725
S007,U00577,C11726
S008,V01150,C11727
S008,U00578,C11728
S008,V01151,C11729
S008,V01152,C11730
S008,U00579,C11731
S008,V01153,C11732
S008,V01154,C11733
S009,U00580,C11734
S009,V01155,C11735
S009,V01156,C11736
S009,U00581,C11737
S009,V01157,C11738
S009,V01158,C11739
S009,U00582,C11740
S009,V01159,C11741
S010,V01160,C11742
S010,V01161,C11743
S010,U00583,C11744
S010,V01162,C11745
S010,V01163,C11746
S010,U00584,C11747
S010,V01164,C11748
S010,V01165,C11749
S010,U00585,C11750
S017,V01166,C11751
S017,U00586,C11752
S017,V01167,C11753
S017,V01168,C11754
S017,U00587,C11755
S017,V01169,C11756
S017,V01170,C11757
S017,U00588,C11758
S017,V01171,C11759
S017,V01172,C11760
S001,V01173,C11761
S001,U00589,C11762
S001,V01174,C11763
S001,V01175,C11764
S001,U00590,C11765
S001,V01176,C11766
S002,U00591,C11767
S002,V01177,C11768
S002,V01178,C11769
S002,U00592,C11770
S002,V01179,C11771
S002,V01180,C11772
S002,U00593,C11773
S003,V01181,C11774
S003,V01182,C11775
S003,U00594,C11776
S003,V01183,C11777
S003,V01184,C11778
S003,U00595,C11779
S003,V01185,C11780
S003,V01186,C11781
S004,V01187,C11782
S004,U00596,C11783
S004,V01188,C11784
S004,V01189,C11785
S004,U00597,C11786
S004,V01190,C11787
S004,V01191,C11788
S004,U00598,C11789
S004,V01192,C11790
S005,U00599,C11791
S005,V01193,C11792
S005,V01194,C11793
S005,U00600,C11794
S005,V01195,C11795
S005,V01196,C11796
S005,U00601,C11797
S005,V01197,C11798
S005,V01198,C11799
S005,U00602,C11800
S006,V01199,C11801
S006,V01200,C11802
S006,U00603,C11803
S006,V01201,C11804
S006,V01202,C11805
S006,U00604,C11806
S007,V01203,C11807
S007,U00605,C11808
S007,V01204,C11809
S007,V01205,C11810
S007,U00606,C11811
S007,V01206,C11812
S007,V01207,C11813
S008,U00607,C11814
S008,V01208,C11815
S008,V01209,C11816
S008,U00608,C11817
S008,V01210,C11818
S008,V01211,C11819
S008,U00609,C11820
S008,V01212,C11821
S009,V01213,C11822
S009,V01214,C11823
S009,U00610,C11824
S009,V01215,C11825
S009,V01216,C11826
S009,U00611,C11827
S009,V01217,C11828
S009,V01218,C11829
S009,U00612,C11830
S010,V01219,C11831
S010,U00613,C11832
S010,V01220,C11833
S010,V01221,C11834
S010,U00614,C11835
S010,V01222,C11836
S010,V01223,C11837
S010,U00615,C11838
S010,V01224,C11839
S010,V01225,C11840
S017,U00616,C11841
S017,V01226,C11842
S017,V01227,C11843
S017,U00617,C11844
S017,V01228,C11845
S017,V01229,C11846
S001,U00618,C11847
S001,V01230,C11848
S001,V01231,C11849
S001,U00619,C11850
S001,V01232,C11851
S001,V01233,C11852
S001,U00620,C11853
S002,V01234,C11854
S002,V01235,C11855
S002,U00621,C11856
S002,V01236,C11857
S002,V01237,C11858
S002,U00622,C11859
S002,V01238,C11860
S002,V01239,C11861
S003,V01240,C11862
S003,U00623,C11863
S003,V01241,C11864
S003,V01242,C11865
S003,U00624,C11866
S003,V01243,C11867
S003,V01244,C11868
S003,U00625,C11869
S003,V01245,C11870
S004,U00626,C11871
S004,V01246,C11872
S004,V01247,C11873
S004,U00627,C11874
S004,V01248,C11875
S004,V01249,C11876
S004,U00628,C11877
S004,V01250,C11878
S004,V01251,C11879
S004,U00629,C11880
S005,V01252,C11881
S005,V01253,C11882
S005,U00630,C11883
S005,V01254,C11884
S005,V01255,C11885
S005,U00631,C11886
S006,V01256,C11887
S006,U00632,C11888
S006,V01257,C11889
S006,V01258,C11890
S006,U00633,C11891
S006,V01259,C11892
S006,V01260,C11893
S007,U00634,C11894
S007,V01261,C11895
S007,V01262,C11896
S007,U00635,C11897
S007,V01263,C11898
S007,V01264,C11899
S007,U00636,C11900
S007,V01265,C11901
S008,V01266,C11902
S008,V01267,C11903
S008,U00637,C11904
S008,V01268,C11905
S008,V01269,C11906
S008,U00638,C11907
S008,V01270,C11908
S008,V01271,C11909
S008,U00639,C11910
S009,V01272,C11911
S009,U00640,C11912
S009,V01273,C11913
S009,V01274,C11914
S009,U00641,C11915
S009,V01275,C11916
S009,V01276,C11917
S009,U00642,C11918
S009,V01277,C11919
S009,V01278,C11920
S010,U00643,C11921
S010,V01279,C11922
S010,V01280,C11923
S010,U00644,C11924
S010,V01281,C11925
S010,V01282,C11926
S017,V01283,C11927
S017,V01284,C11928
S017,U00645,C11929
S017,V01285,C11930
S017,V01286,C11931
S017,U00646,C11932
S017,V01287,C11933
S001,V01288,C11934
S001,V01289,C11935
S001,U00647,C11936
S001,V01290,C11937
S001,V01291,C11938
S001,U00648,C11939
S001,V01292,C11940
S001,V01293,C11941
S002,V01294,C11942
S002,U00649,C11943
S002,V01295,C11944
S002,V01296,C11945
S002,U00650,C11946
S002,V01297,C11947
S002,V01298,C11948
S002,U00651,C11949
S002,V01299,C11950
S003,U00652,C11951
S003,V01300,C11952
S003,V01301,C11953
S003,U00653,C11954
S003,V01302,C11955
S003,V01303,C11956
S003,U00654,C11957
S003,V01304,C11958
S003,V01305,C11959
S003,U00655,C11960
S004,V01306,C11961
S004,V01307,C11962
S004,U00656,C11963
S004,V01308,C11964
S004,V01309,C11965
S004,U00657,C11966
S005,V01310,C11967
S005,U00658,C11968
S005,V01311,C11969
S005,V01312,C11970
S005,U00659,C11971
S005,V01313,C11972
S005,V01314,C11973
S006,U00660,C11974
S006,V01315,C11975
S006,V01316,C11976
S006,U00661,C11977
S006,V01317,C11978
S006,V01318,C11979
S006,U00662,C11980
S006,V01319,C11981
S007,V01320,C11982
S007,V01321,C11983
S007,U00663,C11984
S007,V01322,C11985
S007,V01323,C11986
S007,U00664,C11987
S007,V01324,C11988
S007,V01325,C11989
S007,U00665,C11990
S008,V01326,C11991
S008,U00666,C11992
S008,V01327,C11993
S008,V01328,C11994
S008,U00667,C11995
S008,V01329,C11996
S008,V01330,C11997
S008,U00668,C11998
S008,V01331,C11999
S008,V01332,C12000
S009,U00669,C12001
S009,V01333,C12002
S009,V01334,C12003
S009,U00670,C12004
S009,V01335,C12005
S009,V01336,C12006
S010,V01337,C12007
S010,V01338,C12008
S010,U00671,C12009
S010,V01339,C12010
S010,V01340,C12011
S010,U00672,C12012
S010,V01341,C12013
S017,V01342,C12014
S017,U00673,C12015
S017,V01343,C12016
S017,V01344,C12017
S017,U00674,C12018
S017,V01345,C12019
S017,V01346,C12020
S017,U00675,C12021
S001,V01347,C12022
S001,U00676,C12023
S001,V01348,C12024
S001,V01349,C12025
S001,U00677,C12026
S001,V01350,C12027
S001,V01351,C12028
S001,U00678,C12029
S001,V01352,C12030
S002,U00679,C12031
S002,V01353,C12032
S002,V01354,C12033
S002,U00680,C12034
S002,V01355,C12035
S002,V01356,C12036
S002,U00681,C12037
S002,V01357,C12038
S002,V01358,C12039
S002,U00682,C12040
S003,V01359,C12041
S003,V01360,C12042
S003,U00683,C12043
S003,V01361,C12044
S003,V01362,C12045
S003,U00684,C12046
S004,V01363,C12047
S004,U00685,C12048
S004,V01364,C12049
S004,V01365,C12050
S004,U00686,C12051
S004,V01366,C12052
S004,V01367,C12053
S005,U00687,C12054
S005,V01368,C12055
S005,V01369,C12056
S005,U00688,C12057
S005,V01370,C12058
S005,V01371,C12059
S005,U00689,C12060
S005,V01372,C12061
S006,V01373,C12062
S006,V01374,C12063
S006,U00690,C12064
S006,V01375,C12065
S006,V01376,C12066
S006,U00691,C12067
S006,V01377,C12068
S006,V01378,C12069
S006,U00692,C12070
S007,V01379,C12071
S007,U00693,C12072
S007,V01380,C12073
S007,V01381,C12074
S007,U00694,C12075
S007,V01382,C12076
S007,V01383,C12077
S007,U00695,C12078
S007,V01384,C12079
S007,V01385,C12080
S008,U00696,C12081
S008,V01386,C12082
S008,V01387,C12083
S008,U00697,C12084
S008,V01388,C12085
S008,V01389,C12086
S009,V01390,C12087
S009,V01391,C12088
S009,U00698,C12089
S009,V01392,C12090
S009,V01393,C12091
S009,U00699,C12092
S009,V01394,C12093
S010,V01395,C12094
S010,U00700,C12095
S010,V01396,C12096
S010,V01397,C12097
S010,U00701,C12098
S010,V01398,C12099
S010,V01399,C12100
S010,U00702,C12101
S017,U00703,C12102
S017,V01400,C12103
S017,V01401,C12104
S017,U00704,C12105
S017,V01402,C12106
S017,V01403,C12107
S017,U00705,C12108
S017,V01404,C12109
S017,V01405,C12110
S001,U00706,C12111
S001,V01406,C12112
S001,V01407,C12113
S001,U00707,C12114
S001,V01408,C12115
S001,V01409,C12116
S001,U00708,C12117
S001,V01410,C12118
S001,V01411,C12119
S001,U00709,C12120
S002,V01412,C12121
S002,V01413,C12122
S002,U00710,C12123
S002,V01414,C12124
S002,V01415,C12125
S002,U00711,C12126
S003,V01416,C12127
S003,U00712,C12128
S003,V01417,C12129
S003,V01418,C12130
S003,U00713,C12131
S003,V01419,C12132
S003,V01420,C12133
S004,U00714,C12134
S004,V01421,C12135
S004,V01422,C12136
S004,U00715,C12137
S004,V01423,C12138
S004,V01424,C12139
S004,U00716,C12140
S004,V01425,C12141
S005,V01426,C12142
S005,V01427,C12143
S005,U00717,C12144
S005,V01428,C12145
S005,V01429,C12146
S005,U00718,C12147
S005,V01430,C12148
S005,V01431,C12149
S005,U00719,C12150
S006,V01432,C12151
S006,U00720,C12152
S006,V01433,C12153
S006,V01434,C12154
S006,U00721,C12155
S006,V01435,C12156
S006,V01436,C12157
S006,U00722,C12158
S006,V01437,C12159
S006,V01438,C12160
S007,U00723,C12161
S007,V01439,C12162
S007,V01440,C12163
S007,U00724,C12164
S007,V01441,C12165
S007,V01442,C12166
S008,V01443,C12167
S008,V01444,C12168
S008,U00725,C12169
S008,V01445,C12170
S008,V01446,C12171
S008,U00726,C12172
S008,V01447,C12173
S009,V01448,C12174
S009,U00727,C12175
S009,V01449,C12176
S009,V01450,C12177
S009,U00728,C12178
S009,V01451,C12179
S009,V01452,C12180
S009,U00729,C12181
S010,U00730,C12182
S010,V01453,C12183
S010,V01454,C12184
S010,U00731,C12185
S010,V01455,C12186
S010,V01456,C12187
S010,U00732,C12188
S010,V01457,C12189
S010,V01458,C12190
S017,V01459,C12191
S017,V01460,C12192
S017,U00733,C12193
S017,V01461,C12194
S017,V01462,C12195
S017,U00734,C12196
S017,V01463,C12197
S017,V01464,C12198
S017,U00735,C12199
S017,V01465,C12200
S001,V01466,C12201
S001,V01467,C12202
S001,U00736,C12203
S001,V01468,C12204
S001,V01469,C12205
S001,U00737,C12206
S002,V01470,C12207
S002,U00738,C12208
S002,V01471,C12209
S002,V01472,C12210
S002,U00739,C12211
S002,V01473,C12212
S002,V01474,C12213
S003,U00740,C12214
S003,V01475,C12215
S003,V01476,C12216
S003,U00741,C12217
S003,V01477,C12218
S003,V01478,C12219
S003,U00742,C12220
S003,V01479,C12221
S004,V01480,C12222
S004,V01481,C12223
S004,U00743,C12224
S004,V01482,C12225
S004,V01483,C12226
S004,U00744,C12227
S004,V01484,C12228
S004,V01485,C12229
S004,U00745,C12230
S005,V01486,C12231
S005,U00746,C12232
S005,V01487,C12233
S005,V01488,C12234
S005,U00747,C12235
S005,V01489,C12236
S005,V01490,C12237
S005,U00748,C12238
S005,V01491,C12239
S005,V01492,C12240
S006,U00749,C12241
S006,V01493,C12242
S006,V01494,C12243
S006,U00750,C12244
S006,V01495,C12245
S006,V01496,C12246
S007,V01497,C12247
S007,V01498,C12248
S007,U00751,C12249
S007,V01499,C12250
S007,V01500,C12251
S007,U00752,C12252
S007,V01501,C12253
S008,V01502,C12254
S008,U00753,C12255
S008,V01503,C12256
S008,V01504,C12257
S008,U00754,C12258
S008,V01505,C12259
S008,V01506,C12260
S008,U00755,C12261
S009,U00756,C12262
S009,V01507,C12263
S009,V01508,C12264
S009,U00757,C12265
S009,V01509,C12266
S009,V01510,C12267
S009,U00758,C12268
S009,V01511,C12269
S009,V01512,C12270
S010,V01513,C12271
S010,V01514,C12272
S010,U00759,C12273
S010,V01515,C12274
S010,V01516,C12275
S010,U00760,C12276
S010,V01517,C12277
S010,V01518,C12278
S010,U00761,C12279
S010,V01519,C12280
S017,V01520,C12281
S017,U00762,C12282
S017,V01521,C12283
S017,V01522,C12284
S017,U00763,C12285
S017,V01523,C12286
