契約ID,販売会社コード,納車完了日,契約ステータス
C10001,S001,2024/04/01,解約
C10002,S001,2024/04/04,有効
C10003,S001,2024/04/07,有効
C10004,S001,2024/04/10,有効
C10005,S001,2024/04/13,有効
C10006,S001,2024/04/16,審査中
C10007,S002,2024/04/02,解約
C10008,S002,2024/04/05,有効
C10009,S002,2024/04/08,有効
C10010,S002,2024/04/11,有効
C10011,S002,2024/04/14,有効
C10012,S002,2024/04/17,審査中
C10013,S002,2024/04/20,解約
C10014,S003,2024/04/03,有効
C10015,S003,2024/04/06,有効
C10016,S003,2024/04/09,有効
C10017,S003,2024/04/12,有効
C10018,S003,2024/04/15,審査中
C10019,S003,2024/04/18,解約
C10020,S003,2024/04/21,有効
C10021,S003,2024/04/24,有効
C10022,S004,2024/04/04,有効
C10023,S004,2024/04/07,有効
C10024,S004,2024/04/10,審査中
C10025,S004,2024/04/13,解約
C10026,S004,2024/04/16,有効
C10027,S004,2024/04/19,有効
C10028,S004,2024/04/22,有効
C10029,S004,2024/04/01,有効
C10030,S004,2024/04/04,審査中
C10031,S005,2024/04/05,解約
C10032,S005,2024/04/08,有効
C10033,S005,2024/04/11,有効
C10034,S005,2024/04/14,有効
C10035,S005,2024/04/17,有効
C10036,S005,2024/04/20,審査中
C10037,S005,2024/04/23,解約
C10038,S005,2024/04/02,有効
C10039,S005,2024/04/05,有効
C10040,S005,2024/04/08,有効
C10041,S006,2024/04/06,有効
C10042,S006,2024/04/09,審査中
C10043,S006,2024/04/12,解約
C10044,S006,2024/04/15,有効
C10045,S006,2024/04/18,有効
C10046,S006,2024/04/21,有効
C10047,S007,2024/04/07,有効
C10048,S007,2024/04/10,審査中
C10049,S007,2024/04/13,解約
C10050,S007,2024/04/16,有効
C10051,S007,2024/04/19,有効
C10052,S007,2024/04/22,有効
C10053,S007,2024/04/01,有効
C10054,S008,2024/04/08,審査中
C10055,S008,2024/04/11,解約
C10056,S008,2024/04/14,有効
C10057,S008,2024/04/17,有効
C10058,S008,2024/04/20,有効
C10059,S008,2024/04/23,有効
C10060,S008,2024/04/02,審査中
C10061,S008,2024/04/05,解約
C10062,S009,2024/04/09,有効
C10063,S009,2024/04/12,有効
C10064,S009,2024/04/15,有効
C10065,S009,2024/04/18,有効
C10066,S009,2024/04/21,審査中
C10067,S009,2024/04/24,解約
C10068,S009,2024/04/03,有効
C10069,S009,2024/04/06,有効
C10070,S009,2024/04/09,有効
C10071,S010,2024/04/10,有効
C10072,S010,2024/04/13,審査中
C10073,S010,2024/04/16,解約
C10074,S010,2024/04/19,有効
C10075,S010,2024/04/22,有効
C10076,S010,2024/04/01,有効
C10077,S010,2024/04/04,有効
C10078,S010,2024/04/07,審査中
C10079,S010,2024/04/10,解約
C10080,S010,2024/04/13,有効
C10081,S017,2024/04/11,有効
C10082,S017,2024/04/14,有効
C10083,S017,2024/04/17,有効
C10084,S017,2024/04/20,審査中
C10085,S017,2024/04/23,解約
C10086,S017,2024/04/02,有効
C10087,S001,2024/05/02,有効
C10088,S001,2024/05/05,有効
C10089,S001,2024/05/08,審査中
C10090,S001,2024/05/11,解約
C10091,S001,2024/05/14,有効
C10092,S001,2024/05/17,有効
C10093,S001,2024/05/20,有効
C10094,S002,2024/05/03,有効
C10095,S002,2024/05/06,審査中
C10096,S002,2024/05/09,解約
C10097,S002,2024/05/12,有効
C10098,S002,2024/05/15,有効
C10099,S002,2024/05/18,有効
C10100,S002,2024/05/21,有効
C10101,S002,2024/05/24,審査中
C10102,S003,2024/05/04,解約
C10103,S003,2024/05/07,有効
C10104,S003,2024/05/10,有効
C10105,S003,2024/05/13,有効
C10106,S003,2024/05/16,有効
C10107,S003,2024/05/19,審査中
C10108,S003,2024/05/22,解約
C10109,S003,2024/05/01,有効
C10110,S003,2024/05/04,有効
C10111,S004,2024/05/05,有効
C10112,S004,2024/05/08,有効
C10113,S004,2024/05/11,審査中
C10114,S004,2024/05/14,解約
C10115,S004,2024/05/17,有効
C10116,S004,2024/05/20,有効
C10117,S004,2024/05/23,有効
C10118,S004,2024/05/02,有効
C10119,S004,2024/05/05,審査中
C10120,S004,2024/05/08,解約
C10121,S005,2024/05/06,有効
C10122,S005,2024/05/09,有効
C10123,S005,2024/05/12,有効
C10124,S005,2024/05/15,有効
C10125,S005,2024/05/18,審査中
C10126,S005,2024/05/21,解約
C10127,S006,2024/05/07,有効
C10128,S006,2024/05/10,有効
C10129,S006,2024/05/13,有効
C10130,S006,2024/05/16,有効
C10131,S006,2024/05/19,審査中
C10132,S006,2024/05/22,解約
C10133,S006,2024/05/01,有効
C10134,S007,2024/05/08,有効
C10135,S007,2024/05/11,有効
C10136,S007,2024/05/14,有効
C10137,S007,2024/05/17,審査中
C10138,S007,2024/05/20,解約
C10139,S007,2024/05/23,有効
C10140,S007,2024/05/02,有効
C10141,S007,2024/05/05,有効
C10142,S008,2024/05/09,有効
C10143,S008,2024/05/12,審査中
C10144,S008,2024/05/15,解約
C10145,S008,2024/05/18,有効
C10146,S008,2024/05/21,有効
C10147,S008,2024/05/24,有効
C10148,S008,2024/05/03,有効
C10149,S008,2024/05/06,審査中
C10150,S008,2024/05/09,解約
C10151,S009,2024/05/10,有効
C10152,S009,2024/05/13,有効
C10153,S009,2024/05/16,有効
C10154,S009,2024/05/19,有効
C10155,S009,2024/05/22,審査中
C10156,S009,2024/05/01,解約
C10157,S009,2024/05/04,有効
C10158,S009,2024/05/07,有効
C10159,S009,2024/05/10,有効
C10160,S009,2024/05/13,有効
C10161,S010,2024/05/11,審査中
C10162,S010,2024/05/14,解約
C10163,S010,2024/05/17,有効
C10164,S010,2024/05/20,有効
C10165,S010,2024/05/23,有効
C10166,S010,2024/05/02,有効
C10167,S017,2024/05/12,審査中
C10168,S017,2024/05/15,解約
C10169,S017,2024/05/18,有効
C10170,S017,2024/05/21,有効
C10171,S017,2024/05/24,有効
C10172,S017,2024/05/03,有効
C10173,S017,2024/05/06,審査中
C10174,S001,2024/06/03,有効
C10175,S001,2024/06/06,有効
C10176,S001,2024/06/09,有効
C10177,S001,2024/06/12,有効
C10178,S001,2024/06/15,審査中
C10179,S001,2024/06/18,解約
C10180,S001,2024/06/21,有効
C10181,S001,2024/06/24,有効
C10182,S002,2024/06/04,有効
C10183,S002,2024/06/07,有効
C10184,S002,2024/06/10,審査中
C10185,S002,2024/06/13,解約
C10186,S002,2024/06/16,有効
C10187,S002,2024/06/19,有効
C10188,S002,2024/06/22,有効
C10189,S002,2024/06/01,有効
C10190,S002,2024/06/04,審査中
C10191,S003,2024/06/05,解約
C10192,S003,2024/06/08,有効
C10193,S003,2024/06/11,有効
C10194,S003,2024/06/14,有効
C10195,S003,2024/06/17,有効
C10196,S003,2024/06/20,審査中
C10197,S003,2024/06/23,解約
C10198,S003,2024/06/02,有効
C10199,S003,2024/06/05,有効
C10200,S003,2024/06/08,有効
C10201,S004,2024/06/06,有効
C10202,S004,2024/06/09,審査中
C10203,S004,2024/06/12,解約
C10204,S004,2024/06/15,有効
C10205,S004,2024/06/18,有効
C10206,S004,2024/06/21,有効
C10207,S005,2024/06/07,有効
C10208,S005,2024/06/10,審査中
C10209,S005,2024/06/13,解約
C10210,S005,2024/06/16,有効
C10211,S005,2024/06/19,有効
C10212,S005,2024/06/22,有効
C10213,S005,2024/06/01,有効
C10214,S006,2024/06/08,審査中
C10215,S006,2024/06/11,解約
C10216,S006,2024/06/14,有効
C10217,S006,2024/06/17,有効
C10218,S006,2024/06/20,有効
C10219,S006,2024/06/23,有効
C10220,S006,2024/06/02,審査中
C10221,S006,2024/06/05,解約
C10222,S007,2024/06/09,有効
C10223,S007,2024/06/12,有効
C10224,S007,2024/06/15,有効
C10225,S007,2024/06/18,有効
C10226,S007,2024/06/21,審査中
C10227,S007,2024/06/24,解約
C10228,S007,2024/06/03,有効
C10229,S007,2024/06/06,有効
C10230,S007,2024/06/09,有効
C10231,S008,2024/06/10,有効
C10232,S008,2024/06/13,審査中
C10233,S008,2024/06/16,解約
C10234,S008,2024/06/19,有効
C10235,S008,2024/06/22,有効
C10236,S008,2024/06/01,有効
C10237,S008,2024/06/04,有効
C10238,S008,2024/06/07,審査中
C10239,S008,2024/06/10,解約
C10240,S008,2024/06/13,有効
C10241,S009,2024/06/11,有効
C10242,S009,2024/06/14,有効
C10243,S009,2024/06/17,有効
C10244,S009,2024/06/20,審査中
C10245,S009,2024/06/23,解約
C10246,S009,2024/06/02,有効
C10247,S010,2024/06/12,有効
C10248,S010,2024/06/15,有効
C10249,S010,2024/06/18,有効
C10250,S010,2024/06/21,審査中
C10251,S010,2024/06/24,解約
C10252,S010,2024/06/03,有効
C10253,S010,2024/06/06,有効
C10254,S017,2024/06/13,有効
C10255,S017,2024/06/16,有効
C10256,S017,2024/06/19,審査中
C10257,S017,2024/06/22,解約
C10258,S017,2024/06/01,有効
C10259,S017,2024/06/04,有効
C10260,S017,2024/06/07,有効
C10261,S017,2024/06/10,有効
C10262,S001,2024/07/04,解約
C10263,S001,2024/07/07,有効
C10264,S001,2024/07/10,有効
C10265,S001,2024/07/13,有効
C10266,S001,2024/07/16,有効
C10267,S001,2024/07/19,審査中
C10268,S001,2024/07/22,解約
C10269,S001,2024/07/01,有効
C10270,S001,2024/07/04,有効
C10271,S002,2024/07/05,有効
C10272,S002,2024/07/08,有効
C10273,S002,2024/07/11,審査中
C10274,S002,2024/07/14,解約
C10275,S002,2024/07/17,有効
C10276,S002,2024/07/20,有効
C10277,S002,2024/07/23,有効
C10278,S002,2024/07/02,有効
C10279,S002,2024/07/05,審査中
C10280,S002,2024/07/08,解約
C10281,S003,2024/07/06,有効
C10282,S003,2024/07/09,有効
C10283,S003,2024/07/12,有効
C10284,S003,2024/07/15,有効
C10285,S003,2024/07/18,審査中
C10286,S003,2024/07/21,解約
C10287,S004,2024/07/07,有効
C10288,S004,2024/07/10,有効
C10289,S004,2024/07/13,有効
C10290,S004,2024/07/16,有効
C10291,S004,2024/07/19,審査中
C10292,S004,2024/07/22,解約
C10293,S004,2024/07/01,有効
C10294,S005,2024/07/08,有効
C10295,S005,2024/07/11,有効
C10296,S005,2024/07/14,有効
C10297,S005,2024/07/17,審査中
C10298,S005,2024/07/20,解約
C10299,S005,2024/07/23,有効
C10300,S005,2024/07/02,有効
C10301,S005,2024/07/05,有効
C10302,S006,2024/07/09,有効
C10303,S006,2024/07/12,審査中
C10304,S006,2024/07/15,解約
C10305,S006,2024/07/18,有効
C10306,S006,2024/07/21,有効
C10307,S006,2024/07/24,有効
C10308,S006,2024/07/03,有効
C10309,S006,2024/07/06,審査中
C10310,S006,2024/07/09,解約
C10311,S007,2024/07/10,有効
C10312,S007,2024/07/13,有効
C10313,S007,2024/07/16,有効
C10314,S007,2024/07/19,有効
C10315,S007,2024/07/22,審査中
C10316,S007,2024/07/01,解約
C10317,S007,2024/07/04,有効
C10318,S007,2024/07/07,有効
C10319,S007,2024/07/10,有効
C10320,S007,2024/07/13,有効
C10321,S008,2024/07/11,審査中
C10322,S008,2024/07/14,解約
C10323,S008,2024/07/17,有効
C10324,S008,2024/07/20,有効
C10325,S008,2024/07/23,有効
C10326,S008,2024/07/02,有効
C10327,S009,2024/07/12,審査中
C10328,S009,2024/07/15,解約
C10329,S009,2024/07/18,有効
C10330,S009,2024/07/21,有効
C10331,S009,2024/07/24,有効
C10332,S009,2024/07/03,有効
C10333,S009,2024/07/06,審査中
C10334,S010,2024/07/13,解約
C10335,S010,2024/07/16,有効
C10336,S010,2024/07/19,有効
C10337,S010,2024/07/22,有効
C10338,S010,2024/07/01,有効
C10339,S010,2024/07/04,審査中
C10340,S010,2024/07/07,解約
C10341,S010,2024/07/10,有効
C10342,S017,2024/07/14,有効
C10343,S017,2024/07/17,有効
C10344,S017,2024/07/20,有効
C10345,S017,2024/07/23,審査中
C10346,S017,2024/07/02,解約
C10347,S017,2024/07/05,有効
C10348,S017,2024/07/08,有効
C10349,S017,2024/07/11,有効
C10350,S017,2024/07/14,有効
C10351,S001,2024/08/05,解約
C10352,S001,2024/08/08,有効
C10353,S001,2024/08/11,有効
C10354,S001,2024/08/14,有効
C10355,S001,2024/08/17,有効
C10356,S001,2024/08/20,審査中
C10357,S001,2024/08/23,解約
C10358,S001,2024/08/02,有効
C10359,S001,2024/08/05,有効
C10360,S001,2024/08/08,有効
C10361,S002,2024/08/06,有効
C10362,S002,2024/08/09,審査中
C10363,S002,2024/08/12,解約
C10364,S002,2024/08/15,有効
C10365,S002,2024/08/18,有効
C10366,S002,2024/08/21,有効
C10367,S003,2024/08/07,有効
C10368,S003,2024/08/10,審査中
C10369,S003,2024/08/13,解約
C10370,S003,2024/08/16,有効
C10371,S003,2024/08/19,有効
C10372,S003,2024/08/22,有効
C10373,S003,2024/08/01,有効
C10374,S004,2024/08/08,審査中
C10375,S004,2024/08/11,解約
C10376,S004,2024/08/14,有効
C10377,S004,2024/08/17,有効
C10378,S004,2024/08/20,有効
C10379,S004,2024/08/23,有効
C10380,S004,2024/08/02,審査中
C10381,S004,2024/08/05,解約
C10382,S005,2024/08/09,有効
C10383,S005,2024/08/12,有効
C10384,S005,2024/08/15,有効
C10385,S005,2024/08/18,有効
C10386,S005,2024/08/21,審査中
C10387,S005,2024/08/24,解約
C10388,S005,2024/08/03,有効
C10389,S005,2024/08/06,有効
C10390,S005,2024/08/09,有効
C10391,S006,2024/08/10,有効
C10392,S006,2024/08/13,審査中
C10393,S006,2024/08/16,解約
C10394,S006,2024/08/19,有効
C10395,S006,2024/08/22,有効
C10396,S006,2024/08/01,有効
C10397,S006,2024/08/04,有効
C10398,S006,2024/08/07,審査中
C10399,S006,2024/08/10,解約
C10400,S006,2024/08/13,有効
C10401,S007,2024/08/11,有効
C10402,S007,2024/08/14,有効
C10403,S007,2024/08/17,有効
C10404,S007,2024/08/20,審査中
C10405,S007,2024/08/23,解約
C10406,S007,2024/08/02,有効
C10407,S008,2024/08/12,有効
C10408,S008,2024/08/15,有効
C10409,S008,2024/08/18,有効
C10410,S008,2024/08/21,審査中
C10411,S008,2024/08/24,解約
C10412,S008,2024/08/03,有効
C10413,S008,2024/08/06,有効
C10414,S009,2024/08/13,有効
C10415,S009,2024/08/16,有効
C10416,S009,2024/08/19,審査中
C10417,S009,2024/08/22,解約
C10418,S009,2024/08/01,有効
C10419,S009,2024/08/04,有効
C10420,S009,2024/08/07,有効
C10421,S009,2024/08/10,有効
C10422,S010,2024/08/14,審査中
C10423,S010,2024/08/17,解約
C10424,S010,2024/08/20,有効
C10425,S010,2024/08/23,有効
C10426,S010,2024/08/02,有効
C10427,S010,2024/08/05,有効
C10428,S010,2024/08/08,審査中
C10429,S010,2024/08/11,解約
C10430,S010,2024/08/14,有効
C10431,S017,2024/08/15,有効
C10432,S017,2024/08/18,有効
C10433,S017,2024/08/21,有効
C10434,S017,2024/08/24,審査中
C10435,S017,2024/08/03,解約
C10436,S017,2024/08/06,有効
C10437,S017,2024/08/09,有効
C10438,S017,2024/08/12,有効
C10439,S017,2024/08/15,有効
C10440,S017,2024/08/18,審査中
C10441,S001,2024/09/06,有効
C10442,S001,2024/09/09,有効
C10443,S001,2024/09/12,有効
C10444,S001,2024/09/15,有効
C10445,S001,2024/09/18,審査中
C10446,S001,2024/09/21,解約
C10447,S002,2024/09/07,有効
C10448,S002,2024/09/10,有効
C10449,S002,2024/09/13,有効
C10450,S002,2024/09/16,有効
C10451,S002,2024/09/19,審査中
C10452,S002,2024/09/22,解約
C10453,S002,2024/09/01,有効
C10454,S003,2024/09/08,有効
C10455,S003,2024/09/11,有効
C10456,S003,2024/09/14,有効
C10457,S003,2024/09/17,審査中
C10458,S003,2024/09/20,解約
C10459,S003,2024/09/23,有効
C10460,S003,2024/09/02,有効
C10461,S003,2024/09/05,有効
C10462,S004,2024/09/09,有効
C10463,S004,2024/09/12,審査中
C10464,S004,2024/09/15,解約
C10465,S004,2024/09/18,有効
C10466,S004,2024/09/21,有効
C10467,S004,2024/09/24,有効
C10468,S004,2024/09/03,有効
C10469,S004,2024/09/06,審査中
C10470,S004,2024/09/09,解約
C10471,S005,2024/09/10,有効
C10472,S005,2024/09/13,有効
C10473,S005,2024/09/16,有効
C10474,S005,2024/09/19,有効
C10475,S005,2024/09/22,審査中
C10476,S005,2024/09/01,解約
C10477,S005,2024/09/04,有効
C10478,S005,2024/09/07,有効
C10479,S005,2024/09/10,有効
C10480,S005,2024/09/13,有効
C10481,S006,2024/09/11,審査中
C10482,S006,2024/09/14,解約
C10483,S006,2024/09/17,有効
C10484,S006,2024/09/20,有効
C10485,S006,2024/09/23,有効
C10486,S006,2024/09/02,有効
C10487,S007,2024/09/12,審査中
C10488,S007,2024/09/15,解約
C10489,S007,2024/09/18,有効
C10490,S007,2024/09/21,有効
C10491,S007,2024/09/24,有効
C10492,S007,2024/09/03,有効
C10493,S007,2024/09/06,審査中
C10494,S008,2024/09/13,解約
C10495,S008,2024/09/16,有効
C10496,S008,2024/09/19,有効
C10497,S008,2024/09/22,有効
C10498,S008,2024/09/01,有効
C10499,S008,2024/09/04,審査中
C10500,S008,2024/09/07,解約
C10501,S008,2024/09/10,有効
C10502,S009,2024/09/14,有効
C10503,S009,2024/09/17,有効
C10504,S009,2024/09/20,有効
C10505,S009,2024/09/23,審査中
C10506,S009,2024/09/02,解約
C10507,S009,2024/09/05,有効
C10508,S009,2024/09/08,有効
C10509,S009,2024/09/11,有効
C10510,S009,2024/09/14,有効
C10511,S010,2024/09/15,審査中
C10512,S010,2024/09/18,解約
C10513,S010,2024/09/21,有効
C10514,S010,2024/09/24,有効
C10515,S010,2024/09/03,有効
C10516,S010,2024/09/06,有効
C10517,S010,2024/09/09,審査中
C10518,S010,2024/09/12,解約
C10519,S010,2024/09/15,有効
C10520,S010,2024/09/18,有効
C10521,S017,2024/09/16,有効
C10522,S017,2024/09/19,有効
C10523,S017,2024/09/22,審査中
C10524,S017,2024/09/01,解約
C10525,S017,2024/09/04,有効
C10526,S017,2024/09/07,有効
C10527,S001,2024/10/07,有効
C10528,S001,2024/10/10,審査中
C10529,S001,2024/10/13,解約
C10530,S001,2024/10/16,有効
C10531,S001,2024/10/19,有効
C10532,S001,2024/10/22,有効
C10533,S001,2024/10/01,有効
C10534,S002,2024/10/08,審査中
C10535,S002,2024/10/11,解約
C10536,S002,2024/10/14,有効
C10537,S002,2024/10/17,有効
C10538,S002,2024/10/20,有効
C10539,S002,2024/10/23,有効
C10540,S002,2024/10/02,審査中
C10541,S002,2024/10/05,解約
C10542,S003,2024/10/09,有効
C10543,S003,2024/10/12,有効
C10544,S003,2024/10/15,有効
C10545,S003,2024/10/18,有効
C10546,S003,2024/10/21,審査中
C10547,S003,2024/10/24,解約
C10548,S003,2024/10/03,有効
C10549,S003,2024/10/06,有効
C10550,S003,2024/10/09,有効
C10551,S004,2024/10/10,有効
C10552,S004,2024/10/13,審査中
C10553,S004,2024/10/16,解約
C10554,S004,2024/10/19,有効
C10555,S004,2024/10/22,有効
C10556,S004,2024/10/01,有効
C10557,S004,2024/10/04,有効
C10558,S004,2024/10/07,審査中
C10559,S004,2024/10/10,解約
C10560,S004,2024/10/13,有効
C10561,S005,2024/10/11,有効
C10562,S005,2024/10/14,有効
C10563,S005,2024/10/17,有効
C10564,S005,2024/10/20,審査中
C10565,S005,2024/10/23,解約
C10566,S005,2024/10/02,有効
C10567,S006,2024/10/12,有効
C10568,S006,2024/10/15,有効
C10569,S006,2024/10/18,有効
C10570,S006,2024/10/21,審査中
C10571,S006,2024/10/24,解約
C10572,S006,2024/10/03,有効
C10573,S006,2024/10/06,有効
C10574,S007,2024/10/13,有効
C10575,S007,2024/10/16,有効
C10576,S007,2024/10/19,審査中
C10577,S007,2024/10/22,解約
C10578,S007,2024/10/01,有効
C10579,S007,2024/10/04,有効
C10580,S007,2024/10/07,有効
C10581,S007,2024/10/10,有効
C10582,S008,2024/10/14,審査中
C10583,S008,2024/10/17,解約
C10584,S008,2024/10/20,有効
C10585,S008,2024/10/23,有効
C10586,S008,2024/10/02,有効
C10587,S008,2024/10/05,有効
C10588,S008,2024/10/08,審査中
C10589,S008,2024/10/11,解約
C10590,S008,2024/10/14,有効
C10591,S009,2024/10/15,有効
C10592,S009,2024/10/18,有効
C10593,S009,2024/10/21,有効
C10594,S009,2024/10/24,審査中
C10595,S009,2024/10/03,解約
C10596,S009,2024/10/06,有効
C10597,S009,2024/10/09,有効
C10598,S009,2024/10/12,有効
C10599,S009,2024/10/15,有効
C10600,S009,2024/10/18,審査中
C10601,S010,2024/10/16,解約
C10602,S010,2024/10/19,有効
C10603,S010,2024/10/22,有効
C10604,S010,2024/10/01,有効
C10605,S010,2024/10/04,有効
C10606,S010,2024/10/07,審査中
C10607,S017,2024/10/17,解約
C10608,S017,2024/10/20,有効
C10609,S017,2024/10/23,有効
C10610,S017,2024/10/02,有効
C10611,S017,2024/10/05,有効
C10612,S017,2024/10/08,審査中
C10613,S017,2024/10/11,解約
C10614,S001,2024/11/08,有効
C10615,S001,2024/11/11,有効
C10616,S001,2024/11/14,有効
C10617,S001,2024/11/17,審査中
C10618,S001,2024/11/20,解約
C10619,S001,2024/11/23,有効
C10620,S001,2024/11/02,有効
C10621,S001,2024/11/05,有効
C10622,S002,2024/11/09,有効
C10623,S002,2024/11/12,審査中
C10624,S002,2024/11/15,解約
C10625,S002,2024/11/18,有効
C10626,S002,2024/11/21,有効
C10627,S002,2024/11/24,有効
C10628,S002,2024/11/03,有効
C10629,S002,2024/11/06,審査中
C10630,S002,2024/11/09,解約
C10631,S003,2024/11/10,有効
C10632,S003,2024/11/13,有効
C10633,S003,2024/11/16,有効
C10634,S003,2024/11/19,有効
C10635,S003,2024/11/22,審査中
C10636,S003,2024/11/01,解約
C10637,S003,2024/11/04,有効
C10638,S003,2024/11/07,有効
C10639,S003,2024/11/10,有効
C10640,S003,2024/11/13,有効
C10641,S004,2024/11/11,審査中
C10642,S004,2024/11/14,解約
C10643,S004,2024/11/17,有効
C10644,S004,2024/11/20,有効
C10645,S004,2024/11/23,有効
C10646,S004,2024/11/02,有効
C10647,S005,2024/11/12,審査中
C10648,S005,2024/11/15,解約
C10649,S005,2024/11/18,有効
C10650,S005,2024/11/21,有効
C10651,S005,2024/11/24,有効
C10652,S005,2024/11/03,有効
C10653,S005,2024/11/06,審査中
C10654,S006,2024/11/13,解約
C10655,S006,2024/11/16,有効
C10656,S006,2024/11/19,有効
C10657,S006,2024/11/22,有効
C10658,S006,2024/11/01,有効
C10659,S006,2024/11/04,審査中
C10660,S006,2024/11/07,解約
C10661,S006,2024/11/10,有効
C10662,S007,2024/11/14,有効
C10663,S007,2024/11/17,有効
C10664,S007,2024/11/20,有効
C10665,S007,2024/11/23,審査中
C10666,S007,2024/11/02,解約
C10667,S007,2024/11/05,有効
C10668,S007,2024/11/08,有効
C10669,S007,2024/11/11,有効
C10670,S007,2024/11/14,有効
C10671,S008,2024/11/15,審査中
C10672,S008,2024/11/18,解約
C10673,S008,2024/11/21,有効
C10674,S008,2024/11/24,有効
C10675,S008,2024/11/03,有効
C10676,S008,2024/11/06,有効
C10677,S008,2024/11/09,審査中
C10678,S008,2024/11/12,解約
C10679,S008,2024/11/15,有効
C10680,S008,2024/11/18,有効
C10681,S009,2024/11/16,有効
C10682,S009,2024/11/19,有効
C10683,S009,2024/11/22,審査中
C10684,S009,2024/11/01,解約
C10685,S009,2024/11/04,有効
C10686,S009,2024/11/07,有効
C10687,S010,2024/11/17,有効
C10688,S010,2024/11/20,有効
C10689,S010,2024/11/23,審査中
C10690,S010,2024/11/02,解約
C10691,S010,2024/11/05,有効
C10692,S010,2024/11/08,有効
C10693,S010,2024/11/11,有効
C10694,S017,2024/11/18,有効
C10695,S017,2024/11/21,審査中
C10696,S017,2024/11/24,解約
C10697,S017,2024/11/03,有効
C10698,S017,2024/11/06,有効
C10699,S017,2024/11/09,有効
C10700,S017,2024/11/12,有効
C10701,S017,2024/11/15,審査中
C10702,S001,2024/12/09,有効
C10703,S001,2024/12/12,有効
C10704,S001,2024/12/15,有効
C10705,S001,2024/12/18,有効
C10706,S001,2024/12/21,審査中
C10707,S001,2024/12/24,解約
C10708,S001,2024/12/03,有効
C10709,S001,2024/12/06,有効
C10710,S001,2024/12/09,有効
C10711,S002,2024/12/10,有効
C10712,S002,2024/12/13,審査中
C10713,S002,2024/12/16,解約
C10714,S002,2024/12/19,有効
C10715,S002,2024/12/22,有効
C10716,S002,2024/12/01,有効
C10717,S002,2024/12/04,有効
C10718,S002,2024/12/07,審査中
C10719,S002,2024/12/10,解約
C10720,S002,2024/12/13,有効
C10721,S003,2024/12/11,有効
C10722,S003,2024/12/14,有効
C10723,S003,2024/12/17,有効
C10724,S003,2024/12/20,審査中
C10725,S003,2024/12/23,解約
C10726,S003,2024/12/02,有効
C10727,S004,2024/12/12,有効
C10728,S004,2024/12/15,有効
C10729,S004,2024/12/18,有効
C10730,S004,2024/12/21,審査中
C10731,S004,2024/12/24,解約
C10732,S004,2024/12/03,有効
C10733,S004,2024/12/06,有効
C10734,S005,2024/12/13,有効
C10735,S005,2024/12/16,有効
C10736,S005,2024/12/19,審査中
C10737,S005,2024/12/22,解約
C10738,S005,2024/12/01,有効
C10739,S005,2024/12/04,有効
C10740,S005,2024/12/07,有効
C10741,S005,2024/12/10,有効
C10742,S006,2024/12/14,審査中
C10743,S006,2024/12/17,解約
C10744,S006,2024/12/20,有効
C10745,S006,2024/12/23,有効
C10746,S006,2024/12/02,有効
C10747,S006,2024/12/05,有効
C10748,S006,2024/12/08,審査中
C10749,S006,2024/12/11,解約
C10750,S006,2024/12/14,有効
C10751,S007,2024/12/15,有効
C10752,S007,2024/12/18,有効
C10753,S007,2024/12/21,有効
C10754,S007,2024/12/24,審査中
C10755,S007,2024/12/03,解約
C10756,S007,2024/12/06,有効
C10757,S007,2024/12/09,有効
C10758,S007,2024/12/12,有効
C10759,S007,2024/12/15,有効
C10760,S007,2024/12/18,審査中
C10761,S008,2024/12/16,解約
C10762,S008,2024/12/19,有効
C10763,S008,2024/12/22,有効
C10764,S008,2024/12/01,有効
C10765,S008,2024/12/04,有効
C10766,S008,2024/12/07,審査中
C10767,S009,2024/12/17,解約
C10768,S009,2024/12/20,有効
C10769,S009,2024/12/23,有効
C10770,S009,2024/12/02,有効
C10771,S009,2024/12/05,有効
C10772,S009,2024/12/08,審査中
C10773,S009,2024/12/11,解約
C10774,S010,2024/12/18,有効
C10775,S010,2024/12/21,有効
C10776,S010,2024/12/24,有効
C10777,S010,2024/12/03,有効
C10778,S010,2024/12/06,審査中
C10779,S010,2024/12/09,解約
C10780,S010,2024/12/12,有効
C10781,S010,2024/12/15,有効
C10782,S017,2024/12/19,有効
C10783,S017,2024/12/22,有効
C10784,S017,2024/12/01,審査中
C10785,S017,2024/12/04,解約
C10786,S017,2024/12/07,有効
C10787,S017,2024/12/10,有効
C10788,S017,2024/12/13,有効
C10789,S017,2024/12/16,有効
C10790,S017,2024/12/19,審査中
C10791,S001,2025/01/10,有効
C10792,S001,2025/01/13,有効
C10793,S001,2025/01/16,有効
C10794,S001,2025/01/19,有効
C10795,S001,2025/01/22,審査中
C10796,S001,2025/01/01,解約
C10797,S001,2025/01/04,有効
C10798,S001,2025/01/07,有効
C10799,S001,2025/01/10,有効
C10800,S001,2025/01/13,有効
C10801,S002,2025/01/11,審査中
C10802,S002,2025/01/14,解約
C10803,S002,2025/01/17,有効
C10804,S002,2025/01/20,有効
C10805,S002,2025/01/23,有効
C10806,S002,2025/01/02,有効
C10807,S003,2025/01/12,審査中
C10808,S003,2025/01/15,解約
C10809,S003,2025/01/18,有効
C10810,S003,2025/01/21,有効
C10811,S003,2025/01/24,有効
C10812,S003,2025/01/03,有効
C10813,S003,2025/01/06,審査中
C10814,S004,2025/01/13,解約
C10815,S004,2025/01/16,有効
C10816,S004,2025/01/19,有効
C10817,S004,2025/01/22,有効
C10818,S004,2025/01/01,有効
C10819,S004,2025/01/04,審査中
C10820,S004,2025/01/07,解約
C10821,S004,2025/01/10,有効
C10822,S005,2025/01/14,有効
C10823,S005,2025/01/17,有効
C10824,S005,2025/01/20,有効
C10825,S005,2025/01/23,審査中
C10826,S005,2025/01/02,解約
C10827,S005,2025/01/05,有効
C10828,S005,2025/01/08,有効
C10829,S005,2025/01/11,有効
C10830,S005,2025/01/14,有効
C10831,S006,2025/01/15,審査中
C10832,S006,2025/01/18,解約
C10833,S006,2025/01/21,有効
C10834,S006,2025/01/24,有効
C10835,S006,2025/01/03,有効
C10836,S006,2025/01/06,有効
C10837,S006,2025/01/09,審査中
C10838,S006,2025/01/12,解約
C10839,S006,2025/01/15,有効
C10840,S006,2025/01/18,有効
C10841,S007,2025/01/16,有効
C10842,S007,2025/01/19,有効
C10843,S007,2025/01/22,審査中
C10844,S007,2025/01/01,解約
C10845,S007,2025/01/04,有効
C10846,S007,2025/01/07,有効
C10847,S008,2025/01/17,有効
C10848,S008,2025/01/20,有効
C10849,S008,2025/01/23,審査中
C10850,S008,2025/01/02,解約
C10851,S008,2025/01/05,有効
C10852,S008,2025/01/08,有効
C10853,S008,2025/01/11,有効
C10854,S009,2025/01/18,有効
C10855,S009,2025/01/21,審査中
C10856,S009,2025/01/24,解約
C10857,S009,2025/01/03,有効
C10858,S009,2025/01/06,有効
C10859,S009,2025/01/09,有効
C10860,S009,2025/01/12,有効
C10861,S009,2025/01/15,審査中
C10862,S010,2025/01/19,解約
C10863,S010,2025/01/22,有効
C10864,S010,2025/01/01,有効
C10865,S010,2025/01/04,有効
C10866,S010,2025/01/07,有効
C10867,S010,2025/01/10,審査中
C10868,S010,2025/01/13,解約
C10869,S010,2025/01/16,有効
C10870,S010,2025/01/19,有効
C10871,S017,2025/01/20,有効
C10872,S017,2025/01/23,有効
C10873,S017,2025/01/02,審査中
C10874,S017,2025/01/05,解約
C10875,S017,2025/01/08,有効
C10876,S017,2025/01/11,有効
C10877,S017,2025/01/14,有効
C10878,S017,2025/01/17,有効
C10879,S017,2025/01/20,審査中
C10880,S017,2025/01/23,解約
C10881,S001,2025/02/11,有効
C10882,S001,2025/02/14,有効
C10883,S001,2025/02/17,有効
C10884,S001,2025/02/20,審査中
C10885,S001,2025/02/23,解約
C10886,S001,2025/02/02,有効
C10887,S002,2025/02/12,有効
C10888,S002,2025/02/15,有効
C10889,S002,2025/02/18,有効
C10890,S002,2025/02/21,審査中
C10891,S002,2025/02/24,解約
C10892,S002,2025/02/03,有効
C10893,S002,2025/02/06,有効
C10894,S003,2025/02/13,有効
C10895,S003,2025/02/16,有効
C10896,S003,2025/02/19,審査中
C10897,S003,2025/02/22,解約
C10898,S003,2025/02/01,有効
C10899,S003,2025/02/04,有効
C10900,S003,2025/02/07,有効
C10901,S003,2025/02/10,有効
C10902,S004,2025/02/14,審査中
C10903,S004,2025/02/17,解約
C10904,S004,2025/02/20,有効
C10905,S004,2025/02/23,有効
C10906,S004,2025/02/02,有効
C10907,S004,2025/02/05,有効
C10908,S004,2025/02/08,審査中
C10909,S004,2025/02/11,解約
C10910,S004,2025/02/14,有効
C10911,S005,2025/02/15,有効
C10912,S005,2025/02/18,有効
C10913,S005,2025/02/21,有効
C10914,S005,2025/02/24,審査中
C10915,S005,2025/02/03,解約
C10916,S005,2025/02/06,有効
C10917,S005,2025/02/09,有効
C10918,S005,2025/02/12,有効
C10919,S005,2025/02/15,有効
C10920,S005,2025/02/18,審査中
C10921,S006,2025/02/16,解約
C10922,S006,2025/02/19,有効
C10923,S006,2025/02/22,有効
C10924,S006,2025/02/01,有効
C10925,S006,2025/02/04,有効
C10926,S006,2025/02/07,審査中
C10927,S007,2025/02/17,解約
C10928,S007,2025/02/20,有効
C10929,S007,2025/02/23,有効
C10930,S007,2025/02/02,有効
C10931,S007,2025/02/05,有効
C10932,S007,2025/02/08,審査中
C10933,S007,2025/02/11,解約
C10934,S008,2025/02/18,有効
C10935,S008,2025/02/21,有効
C10936,S008,2025/02/24,有効
C10937,S008,2025/02/03,有効
C10938,S008,2025/02/06,審査中
C10939,S008,2025/02/09,解約
C10940,S008,2025/02/12,有効
C10941,S008,2025/02/15,有効
C10942,S009,2025/02/19,有効
C10943,S009,2025/02/22,有効
C10944,S009,2025/02/01,審査中
C10945,S009,2025/02/04,解約
C10946,S009,2025/02/07,有効
C10947,S009,2025/02/10,有効
C10948,S009,2025/02/13,有効
C10949,S009,2025/02/16,有効
C10950,S009,2025/02/19,審査中
C10951,S010,2025/02/20,解約
C10952,S010,2025/02/23,有効
C10953,S010,2025/02/02,有効
C10954,S010,2025/02/05,有効
C10955,S010,2025/02/08,有効
C10956,S010,2025/02/11,審査中
C10957,S010,2025/02/14,解約
C10958,S010,2025/02/17,有効
C10959,S010,2025/02/20,有効
C10960,S010,2025/02/23,有効
C10961,S017,2025/02/21,有効
C10962,S017,2025/02/24,審査中
C10963,S017,2025/02/03,解約
C10964,S017,2025/02/06,有効
C10965,S017,2025/02/09,有効
C10966,S017,2025/02/12,有効
C10967,S001,2025/03/12,審査中
C10968,S001,2025/03/15,解約
C10969,S001,2025/03/18,有効
C10970,S001,2025/03/21,有効
C10971,S001,2025/03/24,有効
C10972,S001,2025/03/03,有効
C10973,S001,2025/03/06,審査中
C10974,S002,2025/03/13,解約
C10975,S002,2025/03/16,有効
C10976,S002,2025/03/19,有効
C10977,S002,2025/03/22,有効
C10978,S002,2025/03/01,有効
C10979,S002,2025/03/04,審査中
C10980,S002,2025/03/07,解約
C10981,S002,2025/03/10,有効
C10982,S003,2025/03/14,有効
C10983,S003,2025/03/17,有効
C10984,S003,2025/03/20,有効
C10985,S003,2025/03/23,審査中
C10986,S003,2025/03/02,解約
C10987,S003,2025/03/05,有効
C10988,S003,2025/03/08,有効
C10989,S003,2025/03/11,有効
C10990,S003,2025/03/14,有効
C10991,S004,2025/03/15,審査中
C10992,S004,2025/03/18,解約
C10993,S004,2025/03/21,有効
C10994,S004,2025/03/24,有効
C10995,S004,2025/03/03,有効
C10996,S004,2025/03/06,有効
C10997,S004,2025/03/09,審査中
C10998,S004,2025/03/12,解約
C10999,S004,2025/03/15,有効
C11000,S004,2025/03/18,有効
C11001,S005,2025/03/16,有効
C11002,S005,2025/03/19,有効
C11003,S005,2025/03/22,審査中
C11004,S005,2025/03/01,解約
C11005,S005,2025/03/04,有効
C11006,S005,2025/03/07,有効
C11007,S006,2025/03/17,有効
C11008,S006,2025/03/20,有効
C11009,S006,2025/03/23,審査中
C11010,S006,2025/03/02,解約
C11011,S006,2025/03/05,有効
C11012,S006,2025/03/08,有効
C11013,S006,2025/03/11,有効
C11014,S007,2025/03/18,有効
C11015,S007,2025/03/21,審査中
C11016,S007,2025/03/24,解約
C11017,S007,2025/03/03,有効
C11018,S007,2025/03/06,有効
C11019,S007,2025/03/09,有効
C11020,S007,2025/03/12,有効
C11021,S007,2025/03/15,審査中
C11022,S008,2025/03/19,解約
C11023,S008,2025/03/22,有効
C11024,S008,2025/03/01,有効
C11025,S008,2025/03/04,有効
C11026,S008,2025/03/07,有効
C11027,S008,2025/03/10,審査中
C11028,S008,2025/03/13,解約
C11029,S008,2025/03/16,有効
C11030,S008,2025/03/19,有効
C11031,S009,2025/03/20,有効
C11032,S009,2025/03/23,有効
C11033,S009,2025/03/02,審査中
C11034,S009,2025/03/05,解約
C11035,S009,2025/03/08,有効
C11036,S009,2025/03/11,有効
C11037,S009,2025/03/14,有効
C11038,S009,2025/03/17,有効
C11039,S009,2025/03/20,審査中
C11040,S009,2025/03/23,解約
C11041,S010,2025/03/21,有効
C11042,S010,2025/03/24,有効
C11043,S010,2025/03/03,有効
C11044,S010,2025/03/06,有効
C11045,S010,2025/03/09,審査中
C11046,S010,2025/03/12,解約
C11047,S017,2025/03/22,有効
C11048,S017,2025/03/01,有効
C11049,S017,2025/03/04,有効
C11050,S017,2025/03/07,有効
C11051,S017,2025/03/10,審査中
C11052,S017,2025/03/13,解約
C11053,S017,2025/03/16,有効
C11054,S001,2025/04/13,有効
C11055,S001,2025/04/16,有効
C11056,S001,2025/04/19,審査中
C11057,S001,2025/04/22,解約
C11058,S001,2025/04/01,有効
C11059,S001,2025/04/04,有効
C11060,S001,2025/04/07,有効
C11061,S001,2025/04/10,有効
C11062,S002,2025/04/14,審査中
C11063,S002,2025/04/17,解約
C11064,S002,2025/04/20,有効
C11065,S002,2025/04/23,有効
C11066,S002,2025/04/02,有効
C11067,S002,2025/04/05,有効
C11068,S002,2025/04/08,審査中
C11069,S002,2025/04/11,解約
C11070,S002,2025/04/14,有効
C11071,S003,2025/04/15,有効
C11072,S003,2025/04/18,有効
C11073,S003,2025/04/21,有効
C11074,S003,2025/04/24,審査中
C11075,S003,2025/04/03,解約
C11076,S003,2025/04/06,有効
C11077,S003,2025/04/09,有効
C11078,S003,2025/04/12,有効
C11079,S003,2025/04/15,有効
C11080,S003,2025/04/18,審査中
C11081,S004,2025/04/16,解約
C11082,S004,2025/04/19,有効
C11083,S004,2025/04/22,有効
C11084,S004,2025/04/01,有効
C11085,S004,2025/04/04,有効
C11086,S004,2025/04/07,審査中
C11087,S005,2025/04/17,解約
C11088,S005,2025/04/20,有効
C11089,S005,2025/04/23,有効
C11090,S005,2025/04/02,有効
C11091,S005,2025/04/05,有効
C11092,S005,2025/04/08,審査中
C11093,S005,2025/04/11,解約
C11094,S006,2025/04/18,有効
C11095,S006,2025/04/21,有効
C11096,S006,2025/04/24,有効
C11097,S006,2025/04/03,有効
C11098,S006,2025/04/06,審査中
C11099,S006,2025/04/09,解約
C11100,S006,2025/04/12,有効
C11101,S006,2025/04/15,有効
C11102,S007,2025/04/19,有効
C11103,S007,2025/04/22,有効
C11104,S007,2025/04/01,審査中
C11105,S007,2025/04/04,解約
C11106,S007,2025/04/07,有効
C11107,S007,2025/04/10,有効
C11108,S007,2025/04/13,有効
C11109,S007,2025/04/16,有効
C11110,S007,2025/04/19,審査中
C11111,S008,2025/04/20,解約
C11112,S008,2025/04/23,有効
C11113,S008,2025/04/02,有効
C11114,S008,2025/04/05,有効
C11115,S008,2025/04/08,有効
C11116,S008,2025/04/11,審査中
C11117,S008,2025/04/14,解約
C11118,S008,2025/04/17,有効
C11119,S008,2025/04/20,有効
C11120,S008,2025/04/23,有効
C11121,S009,2025/04/21,有効
C11122,S009,2025/04/24,審査中
C11123,S009,2025/04/03,解約
C11124,S009,2025/04/06,有効
C11125,S009,2025/04/09,有効
C11126,S009,2025/04/12,有効
C11127,S010,2025/04/22,有効
C11128,S010,2025/04/01,審査中
C11129,S010,2025/04/04,解約
C11130,S010,2025/04/07,有効
C11131,S010,2025/04/10,有効
C11132,S010,2025/04/13,有効
C11133,S010,2025/04/16,有効
C11134,S017,2025/04/23,審査中
C11135,S017,2025/04/02,解約
C11136,S017,2025/04/05,有効
C11137,S017,2025/04/08,有効
C11138,S017,2025/04/11,有効
C11139,S017,2025/04/14,有効
C11140,S017,2025/04/17,審査中
C11141,S017,2025/04/20,解約
C11142,S001,2025/05/14,有効
C11143,S001,2025/05/17,有効
C11144,S001,2025/05/20,有効
C11145,S001,2025/05/23,審査中
C11146,S001,2025/05/02,解約
C11147,S001,2025/05/05,有効
C11148,S001,2025/05/08,有効
C11149,S001,2025/05/11,有効
C11150,S001,2025/05/14,有効
C11151,S002,2025/05/15,審査中
C11152,S002,2025/05/18,解約
C11153,S002,2025/05/21,有効
C11154,S002,2025/05/24,有効
C11155,S002,2025/05/03,有効
C11156,S002,2025/05/06,有効
C11157,S002,2025/05/09,審査中
C11158,S002,2025/05/12,解約
C11159,S002,2025/05/15,有効
C11160,S002,2025/05/18,有効
C11161,S003,2025/05/16,有効
C11162,S003,2025/05/19,有効
C11163,S003,2025/05/22,審査中
C11164,S003,2025/05/01,解約
C11165,S003,2025/05/04,有効
C11166,S003,2025/05/07,有効
C11167,S004,2025/05/17,有効
C11168,S004,2025/05/20,有効
C11169,S004,2025/05/23,審査中
C11170,S004,2025/05/02,解約
C11171,S004,2025/05/05,有効
C11172,S004,2025/05/08,有効
C11173,S004,2025/05/11,有効
C11174,S005,2025/05/18,有効
C11175,S005,2025/05/21,審査中
C11176,S005,2025/05/24,解約
C11177,S005,2025/05/03,有効
C11178,S005,2025/05/06,有効
C11179,S005,2025/05/09,有効
C11180,S005,2025/05/12,有効
C11181,S005,2025/05/15,審査中
C11182,S006,2025/05/19,解約
C11183,S006,2025/05/22,有効
C11184,S006,2025/05/01,有効
C11185,S006,2025/05/04,有効
C11186,S006,2025/05/07,有効
C11187,S006,2025/05/10,審査中
C11188,S006,2025/05/13,解約
C11189,S006,2025/05/16,有効
C11190,S006,2025/05/19,有効
C11191,S007,2025/05/20,有効
C11192,S007,2025/05/23,有効
C11193,S007,2025/05/02,審査中
C11194,S007,2025/05/05,解約
C11195,S007,2025/05/08,有効
C11196,S007,2025/05/11,有効
C11197,S007,2025/05/14,有効
C11198,S007,2025/05/17,有効
C11199,S007,2025/05/20,審査中
C11200,S007,2025/05/23,解約
C11201,S008,2025/05/21,有効
C11202,S008,2025/05/24,有効
C11203,S008,2025/05/03,有効
C11204,S008,2025/05/06,有効
C11205,S008,2025/05/09,審査中
C11206,S008,2025/05/12,解約
C11207,S009,2025/05/22,有効
C11208,S009,2025/05/01,有効
C11209,S009,2025/05/04,有効
C11210,S009,2025/05/07,有効
C11211,S009,2025/05/10,審査中
C11212,S009,2025/05/13,解約
C11213,S009,2025/05/16,有効
C11214,S010,2025/05/23,有効
C11215,S010,2025/05/02,有効
C11216,S010,2025/05/05,有効
C11217,S010,2025/05/08,審査中
C11218,S010,2025/05/11,解約
C11219,S010,2025/05/14,有効
C11220,S010,2025/05/17,有効
C11221,S010,2025/05/20,有効
C11222,S017,2025/05/24,有効
C11223,S017,2025/05/03,審査中
C11224,S017,2025/05/06,解約
C11225,S017,2025/05/09,有効
C11226,S017,2025/05/12,有効
C11227,S017,2025/05/15,有効
C11228,S017,2025/05/18,有効
C11229,S017,2025/05/21,審査中
C11230,S017,2025/05/24,解約
C11231,S001,2025/06/15,有効
C11232,S001,2025/06/18,有効
C11233,S001,2025/06/21,有効
C11234,S001,2025/06/24,審査中
C11235,S001,2025/06/03,解約
C11236,S001,2025/06/06,有効
C11237,S001,2025/06/09,有効
C11238,S001,2025/06/12,有効
C11239,S001,2025/06/15,有効
C11240,S001,2025/06/18,審査中
C11241,S002,2025/06/16,解約
C11242,S002,2025/06/19,有効
C11243,S002,2025/06/22,有効
C11244,S002,2025/06/01,有効
C11245,S002,2025/06/04,有効
C11246,S002,2025/06/07,審査中
C11247,S003,2025/06/17,解約
C11248,S003,2025/06/20,有効
C11249,S003,2025/06/23,有効
C11250,S003,2025/06/02,有効
C11251,S003,2025/06/05,有効
C11252,S003,2025/06/08,審査中
C11253,S003,2025/06/11,解約
C11254,S004,2025/06/18,有効
C11255,S004,2025/06/21,有効
C11256,S004,2025/06/24,有効
C11257,S004,2025/06/03,有効
C11258,S004,2025/06/06,審査中
C11259,S004,2025/06/09,解約
C11260,S004,2025/06/12,有効
C11261,S004,2025/06/15,有効
C11262,S005,2025/06/19,有効
C11263,S005,2025/06/22,有効
C11264,S005,2025/06/01,審査中
C11265,S005,2025/06/04,解約
C11266,S005,2025/06/07,有効
C11267,S005,2025/06/10,有効
C11268,S005,2025/06/13,有効
C11269,S005,2025/06/16,有効
C11270,S005,2025/06/19,審査中
C11271,S006,2025/06/20,解約
C11272,S006,2025/06/23,有効
C11273,S006,2025/06/02,有効
C11274,S006,2025/06/05,有効
C11275,S006,2025/06/08,有効
C11276,S006,2025/06/11,審査中
C11277,S006,2025/06/14,解約
C11278,S006,2025/06/17,有効
C11279,S006,2025/06/20,有効
C11280,S006,2025/06/23,有効
C11281,S007,2025/06/21,有効
C11282,S007,2025/06/24,審査中
C11283,S007,2025/06/03,解約
C11284,S007,2025/06/06,有効
C11285,S007,2025/06/09,有効
C11286,S007,2025/06/12,有効
C11287,S008,2025/06/22,有効
C11288,S008,2025/06/01,審査中
C11289,S008,2025/06/04,解約
C11290,S008,2025/06/07,有効
C11291,S008,2025/06/10,有効
C11292,S008,2025/06/13,有効
C11293,S008,2025/06/16,有効
C11294,S009,2025/06/23,審査中
C11295,S009,2025/06/02,解約
C11296,S009,2025/06/05,有効
C11297,S009,2025/06/08,有効
C11298,S009,2025/06/11,有効
C11299,S009,2025/06/14,有効
C11300,S009,2025/06/17,審査中
C11301,S009,2025/06/20,解約
C11302,S010,2025/06/24,有効
C11303,S010,2025/06/03,有効
C11304,S010,2025/06/06,有効
C11305,S010,2025/06/09,有効
C11306,S010,2025/06/12,審査中
C11307,S010,2025/06/15,解約
C11308,S010,2025/06/18,有効
C11309,S010,2025/06/21,有効
C11310,S010,2025/06/24,有効
C11311,S017,2025/06/01,有効
C11312,S017,2025/06/04,審査中
C11313,S017,2025/06/07,解約
C11314,S017,2025/06/10,有効
C11315,S017,2025/06/13,有効
C11316,S017,2025/06/16,有効
C11317,S017,2025/06/19,有効
C11318,S017,2025/06/22,審査中
C11319,S017,2025/06/01,解約
C11320,S017,2025/06/04,有効
C11321,S001,2025/07/16,有効
C11322,S001,2025/07/19,有効
C11323,S001,2025/07/22,審査中
C11324,S001,2025/07/01,解約
C11325,S001,2025/07/04,有効
C11326,S001,2025/07/07,有効
C11327,S002,2025/07/17,有効
C11328,S002,2025/07/20,有効
C11329,S002,2025/07/23,審査中
C11330,S002,2025/07/02,解約
C11331,S002,2025/07/05,有効
C11332,S002,2025/07/08,有効
C11333,S002,2025/07/11,有効
C11334,S003,2025/07/18,有効
C11335,S003,2025/07/21,審査中
C11336,S003,2025/07/24,解約
C11337,S003,2025/07/03,有効
C11338,S003,2025/07/06,有効
C11339,S003,2025/07/09,有効
C11340,S003,2025/07/12,有効
C11341,S003,2025/07/15,審査中
C11342,S004,2025/07/19,解約
C11343,S004,2025/07/22,有効
C11344,S004,2025/07/01,有効
C11345,S004,2025/07/04,有効
C11346,S004,2025/07/07,有効
C11347,S004,2025/07/10,審査中
C11348,S004,2025/07/13,解約
C11349,S004,2025/07/16,有効
C11350,S004,2025/07/19,有効
C11351,S005,2025/07/20,有効
C11352,S005,2025/07/23,有効
C11353,S005,2025/07/02,審査中
C11354,S005,2025/07/05,解約
C11355,S005,2025/07/08,有効
C11356,S005,2025/07/11,有効
C11357,S005,2025/07/14,有効
C11358,S005,2025/07/17,有効
C11359,S005,2025/07/20,審査中
C11360,S005,2025/07/23,解約
C11361,S006,2025/07/21,有効
C11362,S006,2025/07/24,有効
C11363,S006,2025/07/03,有効
C11364,S006,2025/07/06,有効
C11365,S006,2025/07/09,審査中
C11366,S006,2025/07/12,解約
C11367,S007,2025/07/22,有効
C11368,S007,2025/07/01,有効
C11369,S007,2025/07/04,有効
C11370,S007,2025/07/07,有効
C11371,S007,2025/07/10,審査中
C11372,S007,2025/07/13,解約
C11373,S007,2025/07/16,有効
C11374,S008,2025/07/23,有効
C11375,S008,2025/07/02,有効
C11376,S008,2025/07/05,有効
C11377,S008,2025/07/08,審査中
C11378,S008,2025/07/11,解約
C11379,S008,2025/07/14,有効
C11380,S008,2025/07/17,有効
C11381,S008,2025/07/20,有効
C11382,S009,2025/07/24,有効
C11383,S009,2025/07/03,審査中
C11384,S009,2025/07/06,解約
C11385,S009,2025/07/09,有効
C11386,S009,2025/07/12,有効
C11387,S009,2025/07/15,有効
C11388,S009,2025/07/18,有効
C11389,S009,2025/07/21,審査中
C11390,S009,2025/07/24,解約
C11391,S010,2025/07/01,有効
C11392,S010,2025/07/04,有効
C11393,S010,2025/07/07,有効
C11394,S010,2025/07/10,有効
C11395,S010,2025/07/13,審査中
C11396,S010,2025/07/16,解約
C11397,S010,2025/07/19,有効
C11398,S010,2025/07/22,有効
C11399,S010,2025/07/01,有効
C11400,S010,2025/07/04,有効
C11401,S017,2025/07/02,審査中
C11402,S017,2025/07/05,解約
C11403,S017,2025/07/08,有効
C11404,S017,2025/07/11,有効
C11405,S017,2025/07/14,有効
C11406,S017,2025/07/17,有効
C11407,S001,2025/08/17,解約
C11408,S001,2025/08/20,有効
C11409,S001,2025/08/23,有効
C11410,S001,2025/08/02,有効
C11411,S001,2025/08/05,有効
C11412,S001,2025/08/08,審査中
C11413,S001,2025/08/11,解約
C11414,S002,2025/08/18,有効
C11415,S002,2025/08/21,有効
C11416,S002,2025/08/24,有効
C11417,S002,2025/08/03,有効
C11418,S002,2025/08/06,審査中
C11419,S002,2025/08/09,解約
C11420,S002,2025/08/12,有効
C11421,S002,2025/08/15,有効
C11422,S003,2025/08/19,有効
C11423,S003,2025/08/22,有効
C11424,S003,2025/08/01,審査中
C11425,S003,2025/08/04,解約
C11426,S003,2025/08/07,有効
C11427,S003,2025/08/10,有効
C11428,S003,2025/08/13,有効
C11429,S003,2025/08/16,有効
C11430,S003,2025/08/19,審査中
C11431,S004,2025/08/20,解約
C11432,S004,2025/08/23,有効
C11433,S004,2025/08/02,有効
C11434,S004,2025/08/05,有効
C11435,S004,2025/08/08,有効
C11436,S004,2025/08/11,審査中
C11437,S004,2025/08/14,解約
C11438,S004,2025/08/17,有効
C11439,S004,2025/08/20,有効
C11440,S004,2025/08/23,有効
C11441,S005,2025/08/21,有効
C11442,S005,2025/08/24,審査中
C11443,S005,2025/08/03,解約
C11444,S005,2025/08/06,有効
C11445,S005,2025/08/09,有効
C11446,S005,2025/08/12,有効
C11447,S006,2025/08/22,有効
C11448,S006,2025/08/01,審査中
C11449,S006,2025/08/04,解約
C11450,S006,2025/08/07,有効
C11451,S006,2025/08/10,有効
C11452,S006,2025/08/13,有効
C11453,S006,2025/08/16,有効
C11454,S007,2025/08/23,審査中
C11455,S007,2025/08/02,解約
C11456,S007,2025/08/05,有効
C11457,S007,2025/08/08,有効
C11458,S007,2025/08/11,有効
C11459,S007,2025/08/14,有効
C11460,S007,2025/08/17,審査中
C11461,S007,2025/08/20,解約
C11462,S008,2025/08/24,有効
C11463,S008,2025/08/03,有効
C11464,S008,2025/08/06,有効
C11465,S008,2025/08/09,有効
C11466,S008,2025/08/12,審査中
C11467,S008,2025/08/15,解約
C11468,S008,2025/08/18,有効
C11469,S008,2025/08/21,有効
C11470,S008,2025/08/24,有効
C11471,S009,2025/08/01,有効
C11472,S009,2025/08/04,審査中
C11473,S009,2025/08/07,解約
C11474,S009,2025/08/10,有効
C11475,S009,2025/08/13,有効
C11476,S009,2025/08/16,有効
C11477,S009,2025/08/19,有効
C11478,S009,2025/08/22,審査中
C11479,S009,2025/08/01,解約
C11480,S009,2025/08/04,有効
C11481,S010,2025/08/02,有効
C11482,S010,2025/08/05,有効
C11483,S010,2025/08/08,有効
C11484,S010,2025/08/11,審査中
C11485,S010,2025/08/14,解約
C11486,S010,2025/08/17,有効
C11487,S017,2025/08/03,有効
C11488,S017,2025/08/06,有効
C11489,S017,2025/08/09,有効
C11490,S017,2025/08/12,審査中
C11491,S017,2025/08/15,解約
C11492,S017,2025/08/18,有効
C11493,S017,2025/08/21,有効
C11494,S001,2025/09/18,有効
C11495,S001,2025/09/21,審査中
C11496,S001,2025/09/24,解約
C11497,S001,2025/09/03,有効
C11498,S001,2025/09/06,有効
C11499,S001,2025/09/09,有効
C11500,S001,2025/09/12,有効
C11501,S001,2025/09/15,審査中
C11502,S002,2025/09/19,解約
C11503,S002,2025/09/22,有効
C11504,S002,2025/09/01,有効
C11505,S002,2025/09/04,有効
C11506,S002,2025/09/07,有効
C11507,S002,2025/09/10,審査中
C11508,S002,2025/09/13,解約
C11509,S002,2025/09/16,有効
C11510,S002,2025/09/19,有効
C11511,S003,2025/09/20,有効
C11512,S003,2025/09/23,有効
C11513,S003,2025/09/02,審査中
C11514,S003,2025/09/05,解約
C11515,S003,2025/09/08,有効
C11516,S003,2025/09/11,有効
C11517,S003,2025/09/14,有効
C11518,S003,2025/09/17,有効
C11519,S003,2025/09/20,審査中
C11520,S003,2025/09/23,解約
C11521,S004,2025/09/21,有効
C11522,S004,2025/09/24,有効
C11523,S004,2025/09/03,有効
C11524,S004,2025/09/06,有効
C11525,S004,2025/09/09,審査中
C11526,S004,2025/09/12,解約
C11527,S005,2025/09/22,有効
C11528,S005,2025/09/01,有効
C11529,S005,2025/09/04,有効
C11530,S005,2025/09/07,有効
C11531,S005,2025/09/10,審査中
C11532,S005,2025/09/13,解約
C11533,S005,2025/09/16,有効
C11534,S006,2025/09/23,有効
C11535,S006,2025/09/02,有効
C11536,S006,2025/09/05,有効
C11537,S006,2025/09/08,審査中
C11538,S006,2025/09/11,解約
C11539,S006,2025/09/14,有効
C11540,S006,2025/09/17,有効
C11541,S006,2025/09/20,有効
C11542,S007,2025/09/24,有効
C11543,S007,2025/09/03,審査中
C11544,S007,2025/09/06,解約
C11545,S007,2025/09/09,有効
C11546,S007,2025/09/12,有効
C11547,S007,2025/09/15,有効
C11548,S007,2025/09/18,有効
C11549,S007,2025/09/21,審査中
C11550,S007,2025/09/24,解約
C11551,S008,2025/09/01,有効
C11552,S008,2025/09/04,有効
C11553,S008,2025/09/07,有効
C11554,S008,2025/09/10,有効
C11555,S008,2025/09/13,審査中
C11556,S008,2025/09/16,解約
C11557,S008,2025/09/19,有効
C11558,S008,2025/09/22,有効
C11559,S008,2025/09/01,有効
C11560,S008,2025/09/04,有効
C11561,S009,2025/09/02,審査中
C11562,S009,2025/09/05,解約
C11563,S009,2025/09/08,有効
C11564,S009,2025/09/11,有効
C11565,S009,2025/09/14,有効
C11566,S009,2025/09/17,有効
C11567,S010,2025/09/03,審査中
C11568,S010,2025/09/06,解約
C11569,S010,2025/09/09,有効
C11570,S010,2025/09/12,有効
C11571,S010,2025/09/15,有効
C11572,S010,2025/09/18,有効
C11573,S010,2025/09/21,審査中
C11574,S017,2025/09/04,解約
C11575,S017,2025/09/07,有効
C11576,S017,2025/09/10,有効
C11577,S017,2025/09/13,有効
C11578,S017,2025/09/16,有効
C11579,S017,2025/09/19,審査中
C11580,S017,2025/09/22,解約
C11581,S017,2025/09/01,有効
C11582,S001,2025/10/19,有効
C11583,S001,2025/10/22,有効
C11584,S001,2025/10/01,審査中
C11585,S001,2025/10/04,解約
C11586,S001,2025/10/07,有効
C11587,S001,2025/10/10,有効
C11588,S001,2025/10/13,有効
C11589,S001,2025/10/16,有効
C11590,S001,2025/10/19,審査中
C11591,S002,2025/10/20,解約
C11592,S002,2025/10/23,有効
C11593,S002,2025/10/02,有効
C11594,S002,2025/10/05,有効
C11595,S002,2025/10/08,有効
C11596,S002,2025/10/11,審査中
C11597,S002,2025/10/14,解約
C11598,S002,2025/10/17,有効
C11599,S002,2025/10/20,有効
C11600,S002,2025/10/23,有効
C11601,S003,2025/10/21,有効
C11602,S003,2025/10/24,審査中
C11603,S003,2025/10/03,解約
C11604,S003,2025/10/06,有効
C11605,S003,2025/10/09,有効
C11606,S003,2025/10/12,有効
C11607,S004,2025/10/22,有効
C11608,S004,2025/10/01,審査中
C11609,S004,2025/10/04,解約
C11610,S004,2025/10/07,有効
C11611,S004,2025/10/10,有効
C11612,S004,2025/10/13,有効
C11613,S004,2025/10/16,有効
C11614,S005,2025/10/23,審査中
C11615,S005,2025/10/02,解約
C11616,S005,2025/10/05,有効
C11617,S005,2025/10/08,有効
C11618,S005,2025/10/11,有効
C11619,S005,2025/10/14,有効
C11620,S005,2025/10/17,審査中
C11621,S005,2025/10/20,解約
C11622,S006,2025/10/24,有効
C11623,S006,2025/10/03,有効
C11624,S006,2025/10/06,有効
C11625,S006,2025/10/09,有効
C11626,S006,2025/10/12,審査中
C11627,S006,2025/10/15,解約
C11628,S006,2025/10/18,有効
C11629,S006,2025/10/21,有効
C11630,S006,2025/10/24,有効
C11631,S007,2025/10/01,有効
C11632,S007,2025/10/04,審査中
C11633,S007,2025/10/07,解約
C11634,S007,2025/10/10,有効
C11635,S007,2025/10/13,有効
C11636,S007,2025/10/16,有効
C11637,S007,2025/10/19,有効
C11638,S007,2025/10/22,審査中
C11639,S007,2025/10/01,解約
C11640,S007,2025/10/04,有効
C11641,S008,2025/10/02,有効
C11642,S008,2025/10/05,有効
C11643,S008,2025/10/08,有効
C11644,S008,2025/10/11,審査中
C11645,S008,2025/10/14,解約
C11646,S008,2025/10/17,有効
C11647,S009,2025/10/03,有効
C11648,S009,2025/10/06,有効
C11649,S009,2025/10/09,有効
C11650,S009,2025/10/12,審査中
C11651,S009,2025/10/15,解約
C11652,S009,2025/10/18,有効
C11653,S009,2025/10/21,有効
C11654,S010,2025/10/04,有効
C11655,S010,2025/10/07,有効
C11656,S010,2025/10/10,審査中
C11657,S010,2025/10/13,解約
C11658,S010,2025/10/16,有効
C11659,S010,2025/10/19,有効
C11660,S010,2025/10/22,有効
C11661,S010,2025/10/01,有効
C11662,S017,2025/10/05,審査中
C11663,S017,2025/10/08,解約
C11664,S017,2025/10/11,有効
C11665,S017,2025/10/14,有効
C11666,S017,2025/10/17,有効
C11667,S017,2025/10/20,有効
C11668,S017,2025/10/23,審査中
C11669,S017,2025/10/02,解約
C11670,S017,2025/10/05,有効
C11671,S001,2025/11/20,有効
C11672,S001,2025/11/23,有効
C11673,S001,2025/11/02,審査中
C11674,S001,2025/11/05,解約
C11675,S001,2025/11/08,有効
C11676,S001,2025/11/11,有効
C11677,S001,2025/11/14,有効
C11678,S001,2025/11/17,有効
C11679,S001,2025/11/20,審査中
C11680,S001,2025/11/23,解約
C11681,S002,2025/11/21,有効
C11682,S002,2025/11/24,有効
C11683,S002,2025/11/03,有効
C11684,S002,2025/11/06,有効
C11685,S002,2025/11/09,審査中
C11686,S002,2025/11/12,解約
C11687,S003,2025/11/22,有効
C11688,S003,2025/11/01,有効
C11689,S003,2025/11/04,有効
C11690,S003,2025/11/07,有効
C11691,S003,2025/11/10,審査中
C11692,S003,2025/11/13,解約
C11693,S003,2025/11/16,有効
C11694,S004,2025/11/23,有効
C11695,S004,2025/11/02,有効
C11696,S004,2025/11/05,有効
C11697,S004,2025/11/08,審査中
C11698,S004,2025/11/11,解約
C11699,S004,2025/11/14,有効
C11700,S004,2025/11/17,有効
C11701,S004,2025/11/20,有効
C11702,S005,2025/11/24,有効
C11703,S005,2025/11/03,審査中
C11704,S005,2025/11/06,解約
C11705,S005,2025/11/09,有効
C11706,S005,2025/11/12,有効
C11707,S005,2025/11/15,有効
C11708,S005,2025/11/18,有効
C11709,S005,2025/11/21,審査中
C11710,S005,2025/11/24,解約
C11711,S006,2025/11/01,有効
C11712,S006,2025/11/04,有効
C11713,S006,2025/11/07,有効
C11714,S006,2025/11/10,有効
C11715,S006,2025/11/13,審査中
C11716,S006,2025/11/16,解約
C11717,S006,2025/11/19,有効
C11718,S006,2025/11/22,有効
C11719,S006,2025/11/01,有効
C11720,S006,2025/11/04,有効
C11721,S007,2025/11/02,審査中
C11722,S007,2025/11/05,解約
C11723,S007,2025/11/08,有効
C11724,S007,2025/11/11,有効
C11725,S007,2025/11/14,有効
C11726,S007,2025/11/17,有効
C11727,S008,2025/11/03,審査中
C11728,S008,2025/11/06,解約
C11729,S008,2025/11/09,有効
C11730,S008,2025/11/12,有効
C11731,S008,2025/11/15,有効
C11732,S008,2025/11/18,有効
C11733,S008,2025/11/21,審査中
C11734,S009,2025/11/04,解約
C11735,S009,2025/11/07,有効
C11736,S009,2025/11/10,有効
C11737,S009,2025/11/13,有効
C11738,S009,2025/11/16,有効
C11739,S009,2025/11/19,審査中
C11740,S009,2025/11/22,解約
C11741,S009,2025/11/01,有効
C11742,S010,2025/11/05,有効
C11743,S010,2025/11/08,有効
C11744,S010,2025/11/11,有効
C11745,S010,2025/11/14,審査中
C11746,S010,2025/11/17,解約
C11747,S010,2025/11/20,有効
C11748,S010,2025/11/23,有効
C11749,S010,2025/11/02,有効
C11750,S010,2025/11/05,有効
C11751,S017,2025/11/06,審査中
C11752,S017,2025/11/09,解約
C11753,S017,2025/11/12,有効
C11754,S017,2025/11/15,有効
C11755,S017,2025/11/18,有効
C11756,S017,2025/11/21,有効
C11757,S017,2025/11/24,審査中
C11758,S017,2025/11/03,解約
C11759,S017,2025/11/06,有効
C11760,S017,2025/11/09,有効
C11761,S001,2025/12/21,有効
C11762,S001,2025/12/24,審査中
C11763,S001,2025/12/03,解約
C11764,S001,2025/12/06,有効
C11765,S001,2025/12/09,有効
C11766,S001,2025/12/12,有効
C11767,S002,2025/12/22,有効
C11768,S002,2025/12/01,審査中
C11769,S002,2025/12/04,解約
C11770,S002,2025/12/07,有効
C11771,S002,2025/12/10,有効
C11772,S002,2025/12/13,有効
C11773,S002,2025/12/16,有効
C11774,S003,2025/12/23,審査中
C11775,S003,2025/12/02,解約
C11776,S003,2025/12/05,有効
C11777,S003,2025/12/08,有効
C11778,S003,2025/12/11,有効
C11779,S003,2025/12/14,有効
C11780,S003,2025/12/17,審査中
C11781,S003,2025/12/20,解約
C11782,S004,2025/12/24,有効
C11783,S004,2025/12/03,有効
C11784,S004,2025/12/06,有効
C11785,S004,2025/12/09,有効
C11786,S004,2025/12/12,審査中
C11787,S004,2025/12/15,解約
C11788,S004,2025/12/18,有効
C11789,S004,2025/12/21,有効
C11790,S004,2025/12/24,有効
C11791,S005,2025/12/01,有効
C11792,S005,2025/12/04,審査中
C11793,S005,2025/12/07,解約
C11794,S005,2025/12/10,有効
C11795,S005,2025/12/13,有効
C11796,S005,2025/12/16,有効
C11797,S005,2025/12/19,有効
C11798,S005,2025/12/22,審査中
C11799,S005,2025/12/01,解約
C11800,S005,2025/12/04,有効
C11801,S006,2025/12/02,有効
C11802,S006,2025/12/05,有効
C11803,S006,2025/12/08,有効
C11804,S006,2025/12/11,審査中
C11805,S006,2025/12/14,解約
C11806,S006,2025/12/17,有効
C11807,S007,2025/12/03,有効
C11808,S007,2025/12/06,有効
C11809,S007,2025/12/09,有効
C11810,S007,2025/12/12,審査中
C11811,S007,2025/12/15,解約
C11812,S007,2025/12/18,有効
C11813,S007,2025/12/21,有効
C11814,S008,2025/12/04,有効
C11815,S008,2025/12/07,有効
C11816,S008,2025/12/10,審査中
C11817,S008,2025/12/13,解約
C11818,S008,2025/12/16,有効
C11819,S008,2025/12/19,有効
C11820,S008,2025/12/22,有効
C11821,S008,2025/12/01,有効
C11822,S009,2025/12/05,審査中
C11823,S009,2025/12/08,解約
C11824,S009,2025/12/11,有効
C11825,S009,2025/12/14,有効
C11826,S009,2025/12/17,有効
C11827,S009,2025/12/20,有効
C11828,S009,2025/12/23,審査中
C11829,S009,2025/12/02,解約
C11830,S009,2025/12/05,有効
C11831,S010,2025/12/06,有効
C11832,S010,2025/12/09,有効
C11833,S010,2025/12/12,有効
C11834,S010,2025/12/15,審査中
C11835,S010,2025/12/18,解約
C11836,S010,2025/12/21,有効
C11837,S010,2025/12/24,有効
C11838,S010,2025/12/03,有効
C11839,S010,2025/12/06,有効
C11840,S010,2025/12/09,審査中
C11841,S017,2025/12/07,解約
C11842,S017,2025/12/10,有効
C11843,S017,2025/12/13,有効
C11844,S017,2025/12/16,有効
C11845,S017,2025/12/19,有効
C11846,S017,2025/12/22,審査中
C11847,S001,2026/01/22,有効
C11848,S001,2026/01/01,有効
C11849,S001,2026/01/04,有効
C11850,S001,2026/01/07,有効
C11851,S001,2026/01/10,審査中
C11852,S001,2026/01/13,解約
C11853,S001,2026/01/16,有効
C11854,S002,2026/01/23,有効
C11855,S002,2026/01/02,有効
C11856,S002,2026/01/05,有効
C11857,S002,2026/01/08,審査中
C11858,S002,2026/01/11,解約
C11859,S002,2026/01/14,有効
C11860,S002,2026/01/17,有効
C11861,S002,2026/01/20,有効
C11862,S003,2026/01/24,有効
C11863,S003,2026/01/03,審査中
C11864,S003,2026/01/06,解約
C11865,S003,2026/01/09,有効
C11866,S003,2026/01/12,有効
C11867,S003,2026/01/15,有効
C11868,S003,2026/01/18,有効
C11869,S003,2026/01/21,審査中
C11870,S003,2026/01/24,解約
C11871,S004,2026/01/01,有効
C11872,S004,2026/01/04,有効
C11873,S004,2026/01/07,有効
C11874,S004,2026/01/10,有効
C11875,S004,2026/01/13,審査中
C11876,S004,2026/01/16,解約
C11877,S004,2026/01/19,有効
C11878,S004,2026/01/22,有効
C11879,S004,2026/01/01,有効
C11880,S004,2026/01/04,有効
C11881,S005,2026/01/02,審査中
C11882,S005,2026/01/05,解約
C11883,S005,2026/01/08,有効
C11884,S005,2026/01/11,有効
C11885,S005,2026/01/14,有効
C11886,S005,2026/01/17,有効
C11887,S006,2026/01/03,審査中
C11888,S006,2026/01/06,解約
C11889,S006,2026/01/09,有効
C11890,S006,2026/01/12,有効
C11891,S006,2026/01/15,有効
C11892,S006,2026/01/18,有効
C11893,S006,2026/01/21,審査中
C11894,S007,2026/01/04,解約
C11895,S007,2026/01/07,有効
C11896,S007,2026/01/10,有効
C11897,S007,2026/01/13,有効
C11898,S007,2026/01/16,有効
C11899,S007,2026/01/19,審査中
C11900,S007,2026/01/22,解約
C11901,S007,2026/01/01,有効
C11902,S008,2026/01/05,有効
C11903,S008,2026/01/08,有効
C11904,S008,2026/01/11,有効
C11905,S008,2026/01/14,審査中
C11906,S008,2026/01/17,解約
C11907,S008,2026/01/20,有効
C11908,S008,2026/01/23,有効
C11909,S008,2026/01/02,有効
C11910,S008,2026/01/05,有効
C11911,S009,2026/01/06,審査中
C11912,S009,2026/01/09,解約
C11913,S009,2026/01/12,有効
C11914,S009,2026/01/15,有効
C11915,S009,2026/01/18,有効
C11916,S009,2026/01/21,有効
C11917,S009,2026/01/24,審査中
C11918,S009,2026/01/03,解約
C11919,S009,2026/01/06,有効
C11920,S009,2026/01/09,有効
C11921,S010,2026/01/07,有効
C11922,S010,2026/01/10,有効
C11923,S010,2026/01/13,審査中
C11924,S010,2026/01/16,解約
C11925,S010,2026/01/19,有効
C11926,S010,2026/01/22,有効
C11927,S017,2026/01/08,有効
C11928,S017,2026/01/11,有効
C11929,S017,2026/01/14,審査中
C11930,S017,2026/01/17,解約
C11931,S017,2026/01/20,有効
C11932,S017,2026/01/23,有効
C11933,S017,2026/01/02,有効
C11934,S001,2026/02/23,審査中
C11935,S001,2026/02/02,解約
C11936,S001,2026/02/05,有効
C11937,S001,2026/02/08,有効
C11938,S001,2026/02/11,有効
C11939,S001,2026/02/14,有効
C11940,S001,2026/02/17,審査中
C11941,S001,2026/02/20,解約
C11942,S002,2026/02/24,有効
C11943,S002,2026/02/03,有効
C11944,S002,2026/02/06,有効
C11945,S002,2026/02/09,有効
C11946,S002,2026/02/12,審査中
C11947,S002,2026/02/15,解約
C11948,S002,2026/02/18,有効
C11949,S002,2026/02/21,有効
C11950,S002,2026/02/24,有効
C11951,S003,2026/02/01,有効
C11952,S003,2026/02/04,審査中
C11953,S003,2026/02/07,解約
C11954,S003,2026/02/10,有効
C11955,S003,2026/02/13,有効
C11956,S003,2026/02/16,有効
C11957,S003,2026/02/19,有効
C11958,S003,2026/02/22,審査中
C11959,S003,2026/02/01,解約
C11960,S003,2026/02/04,有効
C11961,S004,2026/02/02,有効
C11962,S004,2026/02/05,有効
C11963,S004,2026/02/08,有効
C11964,S004,2026/02/11,審査中
C11965,S004,2026/02/14,解約
C11966,S004,2026/02/17,有効
C11967,S005,2026/02/03,有効
C11968,S005,2026/02/06,有効
C11969,S005,2026/02/09,有効
C11970,S005,2026/02/12,審査中
C11971,S005,2026/02/15,解約
C11972,S005,2026/02/18,有効
C11973,S005,2026/02/21,有効
C11974,S006,2026/02/04,有効
C11975,S006,2026/02/07,有効
C11976,S006,2026/02/10,審査中
C11977,S006,2026/02/13,解約
C11978,S006,2026/02/16,有効
C11979,S006,2026/02/19,有効
C11980,S006,2026/02/22,有効
C11981,S006,2026/02/01,有効
C11982,S007,2026/02/05,審査中
C11983,S007,2026/02/08,解約
C11984,S007,2026/02/11,有効
C11985,S007,2026/02/14,有効
C11986,S007,2026/02/17,有効
C11987,S007,2026/02/20,有効
C11988,S007,2026/02/23,審査中
C11989,S007,2026/02/02,解約
C11990,S007,2026/02/05,有効
C11991,S008,2026/02/06,有効
C11992,S008,2026/02/09,有効
C11993,S008,2026/02/12,有効
C11994,S008,2026/02/15,審査中
C11995,S008,2026/02/18,解約
C11996,S008,2026/02/21,有効
C11997,S008,2026/02/24,有効
C11998,S008,2026/02/03,有効
C11999,S008,2026/02/06,有効
C12000,S008,2026/02/09,審査中
C12001,S009,2026/02/07,解約
C12002,S009,2026/02/10,有効
C12003,S009,2026/02/13,有効
C12004,S009,2026/02/16,有効
C12005,S009,2026/02/19,有効
C12006,S009,2026/02/22,審査中
C12007,S010,2026/02/08,解約
C12008,S010,2026/02/11,有効
C12009,S010,2026/02/14,有効
C12010,S010,2026/02/17,有効
C12011,S010,2026/02/20,有効
C12012,S010,2026/02/23,審査中
C12013,S010,2026/02/02,解約
C12014,S017,2026/02/09,有効
C12015,S017,2026/02/12,有効
C12016,S017,2026/02/15,有効
C12017,S017,2026/02/18,有効
C12018,S017,2026/02/21,審査中
C12019,S017,2026/02/24,解約
C12020,S017,2026/02/03,有効
C12021,S017,2026/02/06,有効
C12022,S001,2026/03/24,有効
C12023,S001,2026/03/03,審査中
C12024,S001,2026/03/06,解約
C12025,S001,2026/03/09,有効
C12026,S001,2026/03/12,有効
C12027,S001,2026/03/15,有効
C12028,S001,2026/03/18,有効
C12029,S001,2026/03/21,審査中
C12030,S001,2026/03/24,解約
C12031,S002,2026/03/01,有効
C12032,S002,2026/03/04,有効
C12033,S002,2026/03/07,有効
C12034,S002,2026/03/10,有効
C12035,S002,2026/03/13,審査中
C12036,S002,2026/03/16,解約
C12037,S002,2026/03/19,有効
C12038,S002,2026/03/22,有効
C12039,S002,2026/03/01,有効
C12040,S002,2026/03/04,有効
C12041,S003,2026/03/02,審査中
C12042,S003,2026/03/05,解約
C12043,S003,2026/03/08,有効
C12044,S003,2026/03/11,有効
C12045,S003,2026/03/14,有効
C12046,S003,2026/03/17,有効
C12047,S004,2026/03/03,審査中
C12048,S004,2026/03/06,解約
C12049,S004,2026/03/09,有効
C12050,S004,2026/03/12,有効
C12051,S004,2026/03/15,有効
C12052,S004,2026/03/18,有効
C12053,S004,2026/03/21,審査中
C12054,S005,2026/03/04,解約
C12055,S005,2026/03/07,有効
C12056,S005,2026/03/10,有効
C12057,S005,2026/03/13,有効
C12058,S005,2026/03/16,有効
C12059,S005,2026/03/19,審査中
C12060,S005,2026/03/22,解約
C12061,S005,2026/03/01,有効
C12062,S006,2026/03/05,有効
C12063,S006,2026/03/08,有効
C12064,S006,2026/03/11,有効
C12065,S006,2026/03/14,審査中
C12066,S006,2026/03/17,解約
C12067,S006,2026/03/20,有効
C12068,S006,2026/03/23,有効
C12069,S006,2026/03/02,有効
C12070,S006,2026/03/05,有効
C12071,S007,2026/03/06,審査中
C12072,S007,2026/03/09,解約
C12073,S007,2026/03/12,有効
C12074,S007,2026/03/15,有効
C12075,S007,2026/03/18,有効
C12076,S007,2026/03/21,有効
C12077,S007,2026/03/24,審査中
C12078,S007,2026/03/03,解約
C12079,S007,2026/03/06,有効
C12080,S007,2026/03/09,有効
C12081,S008,2026/03/07,有効
C12082,S008,2026/03/10,有効
C12083,S008,2026/03/13,審査中
C12084,S008,2026/03/16,解約
C12085,S008,2026/03/19,有効
C12086,S008,2026/03/22,有効
C12087,S009,2026/03/08,有効
C12088,S009,2026/03/11,有効
C12089,S009,2026/03/14,審査中
C12090,S009,2026/03/17,解約
C12091,S009,2026/03/20,有効
C12092,S009,2026/03/23,有効
C12093,S009,2026/03/02,有効
C12094,S010,2026/03/09,有効
C12095,S010,2026/03/12,審査中
C12096,S010,2026/03/15,解約
C12097,S010,2026/03/18,有効
C12098,S010,2026/03/21,有効
C12099,S010,2026/03/24,有効
C12100,S010,2026/03/03,有効
C12101,S010,2026/03/06,審査中
C12102,S017,2026/03/10,解約
C12103,S017,2026/03/13,有効
C12104,S017,2026/03/16,有効
C12105,S017,2026/03/19,有効
C12106,S017,2026/03/22,有効
C12107,S017,2026/03/01,審査中
C12108,S017,2026/03/04,解約
C12109,S017,2026/03/07,有効
C12110,S017,2026/03/10,有効
C12111,S001,2026/04/01,有効
C12112,S001,2026/04/04,審査中
C12113,S001,2026/04/07,解約
C12114,S001,2026/04/10,有効
C12115,S001,2026/04/13,有効
C12116,S001,2026/04/16,有効
C12117,S001,2026/04/19,有効
C12118,S001,2026/04/22,審査中
C12119,S001,2026/04/01,解約
C12120,S001,2026/04/04,有効
C12121,S002,2026/04/02,有効
C12122,S002,2026/04/05,有効
C12123,S002,2026/04/08,有効
C12124,S002,2026/04/11,審査中
C12125,S002,2026/04/14,解約
C12126,S002,2026/04/17,有効
C12127,S003,2026/04/03,有効
C12128,S003,2026/04/06,有効
C12129,S003,2026/04/09,有効
C12130,S003,2026/04/12,審査中
C12131,S003,2026/04/15,解約
C12132,S003,2026/04/18,有効
C12133,S003,2026/04/21,有効
C12134,S004,2026/04/04,有効
C12135,S004,2026/04/07,有効
C12136,S004,2026/04/10,審査中
C12137,S004,2026/04/13,解約
C12138,S004,2026/04/16,有効
C12139,S004,2026/04/19,有効
C12140,S004,2026/04/22,有効
C12141,S004,2026/04/01,有効
C12142,S005,2026/04/05,審査中
C12143,S005,2026/04/08,解約
C12144,S005,2026/04/11,有効
C12145,S005,2026/04/14,有効
C12146,S005,2026/04/17,有効
C12147,S005,2026/04/20,有効
C12148,S005,2026/04/23,審査中
C12149,S005,2026/04/02,解約
C12150,S005,2026/04/05,有効
C12151,S006,2026/04/06,有効
C12152,S006,2026/04/09,有効
C12153,S006,2026/04/12,有効
C12154,S006,2026/04/15,審査中
C12155,S006,2026/04/18,解約
C12156,S006,2026/04/21,有効
C12157,S006,2026/04/24,有効
C12158,S006,2026/04/03,有効
C12159,S006,2026/04/06,有効
C12160,S006,2026/04/09,審査中
C12161,S007,2026/04/07,解約
C12162,S007,2026/04/10,有効
C12163,S007,2026/04/13,有効
C12164,S007,2026/04/16,有効
C12165,S007,2026/04/19,有効
C12166,S007,2026/04/22,審査中
C12167,S008,2026/04/08,解約
C12168,S008,2026/04/11,有効
C12169,S008,2026/04/14,有効
C12170,S008,2026/04/17,有効
C12171,S008,2026/04/20,有効
C12172,S008,2026/04/23,審査中
C12173,S008,2026/04/02,解約
C12174,S009,2026/04/09,有効
C12175,S009,2026/04/12,有効
C12176,S009,2026/04/15,有効
C12177,S009,2026/04/18,有効
C12178,S009,2026/04/21,審査中
C12179,S009,2026/04/24,解約
C12180,S009,2026/04/03,有効
C12181,S009,2026/04/06,有効
C12182,S010,2026/04/10,有効
C12183,S010,2026/04/13,有効
C12184,S010,2026/04/16,審査中
C12185,S010,2026/04/19,解約
C12186,S010,2026/04/22,有効
C12187,S010,2026/04/01,有効
C12188,S010,2026/04/04,有効
C12189,S010,2026/04/07,有効
C12190,S010,2026/04/10,審査中
C12191,S017,2026/04/11,解約
C12192,S017,2026/04/14,有効
C12193,S017,2026/04/17,有効
C12194,S017,2026/04/20,有効
C12195,S017,2026/04/23,有効
C12196,S017,2026/04/02,審査中
C12197,S017,2026/04/05,解約
C12198,S017,2026/04/08,有効
C12199,S017,2026/04/11,有効
C12200,S017,2026/04/14,有効
C12201,S001,2026/05/02,審査中
C12202,S001,2026/05/05,解約
C12203,S001,2026/05/08,有効
C12204,S001,2026/05/11,有効
C12205,S001,2026/05/14,有効
C12206,S001,2026/05/17,有効
C12207,S002,2026/05/03,審査中
C12208,S002,2026/05/06,解約
C12209,S002,2026/05/09,有効
C12210,S002,2026/05/12,有効
C12211,S002,2026/05/15,有効
C12212,S002,2026/05/18,有効
C12213,S002,2026/05/21,審査中
C12214,S003,2026/05/04,解約
C12215,S003,2026/05/07,有効
C12216,S003,2026/05/10,有効
C12217,S003,2026/05/13,有効
C12218,S003,2026/05/16,有効
C12219,S003,2026/05/19,審査中
C12220,S003,2026/05/22,解約
C12221,S003,2026/05/01,有効
C12222,S004,2026/05/05,有効
C12223,S004,2026/05/08,有効
C12224,S004,2026/05/11,有効
C12225,S004,2026/05/14,審査中
C12226,S004,2026/05/17,解約
C12227,S004,2026/05/20,有効
C12228,S004,2026/05/23,有効
C12229,S004,2026/05/02,有効
C12230,S004,2026/05/05,有効
C12231,S005,2026/05/06,審査中
C12232,S005,2026/05/09,解約
C12233,S005,2026/05/12,有効
C12234,S005,2026/05/15,有効
C12235,S005,2026/05/18,有効
C12236,S005,2026/05/21,有効
C12237,S005,2026/05/24,審査中
C12238,S005,2026/05/03,解約
C12239,S005,2026/05/06,有効
C12240,S005,2026/05/09,有効
C12241,S006,2026/05/07,有効
C12242,S006,2026/05/10,有効
C12243,S006,2026/05/13,審査中
C12244,S006,2026/05/16,解約
C12245,S006,2026/05/19,有効
C12246,S006,2026/05/22,有効
C12247,S007,2026/05/08,有効
C12248,S007,2026/05/11,有効
C12249,S007,2026/05/14,審査中
C12250,S007,2026/05/17,解約
C12251,S007,2026/05/20,有効
C12252,S007,2026/05/23,有効
C12253,S007,2026/05/02,有効
C12254,S008,2026/05/09,有効
C12255,S008,2026/05/12,審査中
C12256,S008,2026/05/15,解約
C12257,S008,2026/05/18,有効
C12258,S008,2026/05/21,有効
C12259,S008,2026/05/24,有効
C12260,S008,2026/05/03,有効
C12261,S008,2026/05/06,審査中
C12262,S009,2026/05/10,解約
C12263,S009,2026/05/13,有効
C12264,S009,2026/05/16,有効
C12265,S009,2026/05/19,有効
C12266,S009,2026/05/22,有効
C12267,S009,2026/05/01,審査中
C12268,S009,2026/05/04,解約
C12269,S009,2026/05/07,有効
C12270,S009,2026/05/10,有効
C12271,S010,2026/05/11,有効
C12272,S010,2026/05/14,有効
C12273,S010,2026/05/17,審査中
C12274,S010,2026/05/20,解約
C12275,S010,2026/05/23,有効
C12276,S010,2026/05/02,有効
C12277,S010,2026/05/05,有効
C12278,S010,2026/05/08,有効
C12279,S010,2026/05/11,審査中
C12280,S010,2026/05/14,解約
C12281,S017,2026/05/12,有効
C12282,S017,2026/05/15,有効
C12283,S017,2026/05/18,有効
C12284,S017,2026/05/21,有効
C12285,S017,2026/05/24,審査中
C12286,S017,2026/05/03,解約
